CREATE TABLE product (
	product_code CHARACTER (3) PRIMARY KEY,
	product_type CHARACTER VARYING (7) NOT NULL
);

CREATE TABLE transactions (
	card_10digit INTEGER NOT NULL,
	cust_id INTEGER NOT NULL,
	product_code CHARACTER (3) NOT NULL,
	transaction_ID INTEGER PRIMARY KEY,
	transaction_Date DATE NOT NULL,
	transaction_amount NUMERIC (4, 0) NOT NULL,
	merchant_ID INTEGER NOT NULL,
	FOREIGN KEY (cust_id) REFERENCES customer_pii (cust_id) ON UPDATE CASCADE ON DELETE CASCADE,
	FOREIGN KEY (product_code) REFERENCES product (product_code) ON UPDATE CASCADE ON DELETE CASCADE,
	FOREIGN KEY (merchant_ID) REFERENCES merchant (merchant_ID) ON UPDATE CASCADE ON DELETE CASCADE
);

CREATE TABLE merchant (
	merchant_ID INTEGER PRIMARY KEY,
	merchant_name CHARACTER VARYING (10) NOT NULL,
	merchant_type CHARACTER VARYING (7) NOT NULL
);

CREATE TABLE customer_pii (
	cust_id SERIAL PRIMARY KEY,
	first_name CHARACTER VARYING (20),
	last_name CHARACTER VARYING (25) NOT NULL,
	email_id CHARACTER VARYING (100) NOT NULL,
	phone_no CHARACTER VARYING (20),
	city CHARACTER VARYING (11) NOT NULL,
	province CHARACTER VARYING (16) NOT NULL,
	country  CHARACTER VARYING (6) NOT NULL,
	membership_date DATE NOT NULL,
	DOB DATE NOT NULL
);





/*Data for the table product */

INSERT INTO product(product_code,product_type) VALUES ('ABC','Charge');
INSERT INTO product(product_code,product_type) VALUES ('EFG','Lending');
INSERT INTO product(product_code,product_type) VALUES ('IJK','Lending');
INSERT INTO product(product_code,product_type) VALUES ('MNO','Charge');
INSERT INTO product(product_code,product_type) VALUES ('QRS','Lending');
INSERT INTO product(product_code,product_type) VALUES ('UVW','Lending');
INSERT INTO product(product_code,product_type) VALUES ('XYZ','Charge');

INSERT INTO merchant(merchant_ID,merchant_name,merchant_type) VALUES (15639490,'Walmart','Online');
INSERT INTO merchant(merchant_ID,merchant_name,merchant_type) VALUES (15639626,'Walmart','Online');
INSERT INTO merchant(merchant_ID,merchant_name,merchant_type) VALUES (15639529,'Walmart','Online');
INSERT INTO merchant(merchant_ID,merchant_name,merchant_type) VALUES (15639483,'Walmart','Online');
INSERT INTO merchant(merchant_ID,merchant_name,merchant_type) VALUES (15639567,'Walmart','Offline');
INSERT INTO merchant(merchant_ID,merchant_name,merchant_type) VALUES (15639593,'Walmart','Offline');
INSERT INTO merchant(merchant_ID,merchant_name,merchant_type) VALUES (15639532,'Walmart','Offline');
INSERT INTO merchant(merchant_ID,merchant_name,merchant_type) VALUES (15639677,'Walmart','Offline');
INSERT INTO merchant(merchant_ID,merchant_name,merchant_type) VALUES (15639509,'Walmart','Offline');
INSERT INTO merchant(merchant_ID,merchant_name,merchant_type) VALUES (15639540,'Ikea','Online');
INSERT INTO merchant(merchant_ID,merchant_name,merchant_type) VALUES (15639636,'Ikea','Online');
INSERT INTO merchant(merchant_ID,merchant_name,merchant_type) VALUES (15639537,'Ikea','Online');
INSERT INTO merchant(merchant_ID,merchant_name,merchant_type) VALUES (15639565,'Ikea','Online');
INSERT INTO merchant(merchant_ID,merchant_name,merchant_type) VALUES (15639574,'Ikea','Offline');
INSERT INTO merchant(merchant_ID,merchant_name,merchant_type) VALUES (15639583,'Ikea','Offline');
INSERT INTO merchant(merchant_ID,merchant_name,merchant_type) VALUES (15639579,'Ikea','Offline');
INSERT INTO merchant(merchant_ID,merchant_name,merchant_type) VALUES (15639616,'Ikea','Offline');
INSERT INTO merchant(merchant_ID,merchant_name,merchant_type) VALUES (15639556,'Ikea','Offline');
INSERT INTO merchant(merchant_ID,merchant_name,merchant_type) VALUES (15639576,'Ikea','Offline');
INSERT INTO merchant(merchant_ID,merchant_name,merchant_type) VALUES (15639657,'Aldo','Online');
INSERT INTO merchant(merchant_ID,merchant_name,merchant_type) VALUES (15639514,'Aldo','Online');
INSERT INTO merchant(merchant_ID,merchant_name,merchant_type) VALUES (15639492,'Aldo','Offline');
INSERT INTO merchant(merchant_ID,merchant_name,merchant_type) VALUES (15639615,'Aldo','Offline');
INSERT INTO merchant(merchant_ID,merchant_name,merchant_type) VALUES (15639597,'Aldo','Offline');
INSERT INTO merchant(merchant_ID,merchant_name,merchant_type) VALUES (15639679,'Aldo','Offline');
INSERT INTO merchant(merchant_ID,merchant_name,merchant_type) VALUES (15639526,'Aldo','Offline');
INSERT INTO merchant(merchant_ID,merchant_name,merchant_type) VALUES (15639640,'Tim horton','Online');
INSERT INTO merchant(merchant_ID,merchant_name,merchant_type) VALUES (15639662,'Tim horton','Online');
INSERT INTO merchant(merchant_ID,merchant_name,merchant_type) VALUES (15639545,'Tim horton','Offline');
INSERT INTO merchant(merchant_ID,merchant_name,merchant_type) VALUES (15639486,'Tim horton','Offline');
INSERT INTO merchant(merchant_ID,merchant_name,merchant_type) VALUES (15639596,'Tim horton','Offline');
INSERT INTO merchant(merchant_ID,merchant_name,merchant_type) VALUES (15639612,'Tim horton','Offline');
INSERT INTO merchant(merchant_ID,merchant_name,merchant_type) VALUES (15639667,'Tim horton','Offline');
INSERT INTO merchant(merchant_ID,merchant_name,merchant_type) VALUES (15639604,'Tim horton','Offline');
INSERT INTO merchant(merchant_ID,merchant_name,merchant_type) VALUES (15639531,'Tim horton','Offline');
INSERT INTO merchant(merchant_ID,merchant_name,merchant_type) VALUES (15639652,'Apple','Online');
INSERT INTO merchant(merchant_ID,merchant_name,merchant_type) VALUES (15639621,'Apple','Offline');
INSERT INTO merchant(merchant_ID,merchant_name,merchant_type) VALUES (15639665,'Apple','Offline');
INSERT INTO merchant(merchant_ID,merchant_name,merchant_type) VALUES (15639594,'Apple','Offline');
INSERT INTO merchant(merchant_ID,merchant_name,merchant_type) VALUES (15639494,'Cineplex','Online');
INSERT INTO merchant(merchant_ID,merchant_name,merchant_type) VALUES (15639623,'Cineplex','Online');
INSERT INTO merchant(merchant_ID,merchant_name,merchant_type) VALUES (15639631,'Cineplex','Online');
INSERT INTO merchant(merchant_ID,merchant_name,merchant_type) VALUES (15639496,'Cineplex','Offline');
INSERT INTO merchant(merchant_ID,merchant_name,merchant_type) VALUES (15639572,'Cineplex','Offline');
INSERT INTO merchant(merchant_ID,merchant_name,merchant_type) VALUES (15639605,'Fresh Co','Online');
INSERT INTO merchant(merchant_ID,merchant_name,merchant_type) VALUES (15639523,'Fresh Co','Offline');
INSERT INTO merchant(merchant_ID,merchant_name,merchant_type) VALUES (15639580,'Fresh Co','Offline');
INSERT INTO merchant(merchant_ID,merchant_name,merchant_type) VALUES (15639607,'Fresh Co','Offline');
INSERT INTO merchant(merchant_ID,merchant_name,merchant_type) VALUES (15639507,'Fresh Co','Offline');
INSERT INTO merchant(merchant_ID,merchant_name,merchant_type) VALUES (15639488,'Fresh Co','Offline');



INSERT INTO customer_pii(cust_id,first_name,last_name,email_id,phone_no,city,province,country,membership_Date,DOB) VALUES (1,'John','Scott','John.Scott@gmail.com','7672031699','Brampton','Ontario','Canada','1981-06-22','1963-06-30');
INSERT INTO customer_pii(cust_id,first_name,last_name,email_id,phone_no,city,province,country,membership_Date,DOB) VALUES (2,'Simran','Kaur','Simran.Kaur@gmail.com','9379600962','Brampton','Ontario','Canada','1981-12-07','1963-12-31');
INSERT INTO customer_pii(cust_id,first_name,last_name,email_id,phone_no,city,province,country,membership_Date,DOB) VALUES (3,'Chris','Byers','Chris.Byers@gmail.com','5278046644','Brampton','Ontario','Canada','1981-04-24','1963-04-30');
INSERT INTO customer_pii(cust_id,first_name,last_name,email_id,phone_no,city,province,country,membership_Date,DOB) VALUES (4,'Sean','Adams','Sean.Adams@gmail.com','3724994000','Brampton','Ontario','Canada','1981-07-13','1963-07-31');
INSERT INTO customer_pii(cust_id,first_name,last_name,email_id,phone_no,city,province,country,membership_Date,DOB) VALUES (5,'Jaspreet','Saini','Jaspreet.Saini@gmail.com','1658638381','Brampton','Ontario','Canada','1981-06-25','1963-06-30');
INSERT INTO customer_pii(cust_id,first_name,last_name,email_id,phone_no,city,province,country,membership_Date,DOB) VALUES (6,'Prabhjot','Singh','Prabhjot.Singh@gmail.com','3675240860','Brampton','Ontario','Canada','1981-12-22','1963-12-31');
INSERT INTO customer_pii(cust_id,first_name,last_name,email_id,phone_no,city,province,country,membership_Date,DOB) VALUES (7,'Taylor','Swift','Taylor.Swift@gmail.com','4795012296','Brampton','Ontario','Canada','1981-09-18','1963-09-30');
INSERT INTO customer_pii(cust_id,first_name,last_name,email_id,phone_no,city,province,country,membership_Date,DOB) VALUES (8,'Daisy','Ray','Daisy.Ray@gmail.com','3875353260','Brampton','Ontario','Canada','1981-11-03','1963-11-30');
INSERT INTO customer_pii(cust_id,first_name,last_name,email_id,phone_no,city,province,country,membership_Date,DOB) VALUES (9,'Rose','William','Rose.William@gmail.com','2929277451','Brampton','Ontario','Canada','1981-07-06','1963-07-31');
INSERT INTO customer_pii(cust_id,first_name,last_name,email_id,phone_no,city,province,country,membership_Date,DOB) VALUES (10,'Jasmine','Kaur','Jasmine.Kaur@gmail.com','3599485446','Brampton','Ontario','Canada','1975-11-29','1957-11-30');
INSERT INTO customer_pii(cust_id,first_name,last_name,email_id,phone_no,city,province,country,membership_Date,DOB) VALUES (11,'Abigal','Byers','Abigal.Byers@gmail.com','4953514757','Brampton','Ontario','Canada','1975-06-21','1957-06-30');
INSERT INTO customer_pii(cust_id,first_name,last_name,email_id,phone_no,city,province,country,membership_Date,DOB) VALUES (12,'Sumeet','Singh','Sumeet.Singh@gmail.com','5947094491','Brampton','Ontario','Canada','1975-03-01','1957-03-31');
INSERT INTO customer_pii(cust_id,first_name,last_name,email_id,phone_no,city,province,country,membership_Date,DOB) VALUES (13,'Sam','Anderson','Sam.Anderson@gmail.com','2588516075','Scarborough','Ontario','Canada','1975-07-23','1957-07-31');
INSERT INTO customer_pii(cust_id,first_name,last_name,email_id,phone_no,city,province,country,membership_Date,DOB) VALUES (14,'Samuel','Bill','Samuel.Bill@gmail.com','9549053431','Scarborough','Ontario','Canada','1975-04-11','1957-04-30');
INSERT INTO customer_pii(cust_id,first_name,last_name,email_id,phone_no,city,province,country,membership_Date,DOB) VALUES (15,'Adam','Gill','Adam.Gill@gmail.com','6184622347','Scarborough','Ontario','Canada','1975-11-02','1957-11-30');
INSERT INTO customer_pii(cust_id,first_name,last_name,email_id,phone_no,city,province,country,membership_Date,DOB) VALUES (16,'Tim','Adams','Tim.Adams@gmail.com','2222783490','Scarborough','Ontario','Canada','1975-06-05','1957-06-30');
INSERT INTO customer_pii(cust_id,first_name,last_name,email_id,phone_no,city,province,country,membership_Date,DOB) VALUES (17,'Gelan','Ray','Gelan.Ray@gmail.com','2450251080','Scarborough','Ontario','Canada','1975-07-19','1957-07-31');
INSERT INTO customer_pii(cust_id,first_name,last_name,email_id,phone_no,city,province,country,membership_Date,DOB) VALUES (18,'Bill','Scott','Bill.Scott@gmail.com','5250161029','Scarborough','Ontario','Canada','1975-03-21','1957-03-31');
INSERT INTO customer_pii(cust_id,first_name,last_name,email_id,phone_no,city,province,country,membership_Date,DOB) VALUES (19,'Edward','Nelson','EdwardNelson@facebook.com','3669466253','Scarborough','Ontario','Canada','1975-11-24','1957-11-30');
INSERT INTO customer_pii(cust_id,first_name,last_name,email_id,phone_no,city,province,country,membership_Date,DOB) VALUES (20,'Margaret','Edwards','MargaretEdwards@facebook.com','7521704378','Scarborough','Ontario','Canada','1991-01-11','1973-01-31');
INSERT INTO customer_pii(cust_id,first_name,last_name,email_id,phone_no,city,province,country,membership_Date,DOB) VALUES (21,'Ruth','Taylor','RuthTaylor@facebook.com','9244236928','Scarborough','Ontario','Canada','1991-01-09','1973-01-31');
INSERT INTO customer_pii(cust_id,first_name,last_name,email_id,phone_no,city,province,country,membership_Date,DOB) VALUES (22,'Thomas','Robinson','ThomasRobinson@facebook.com','2938278279','Scarborough','Ontario','Canada','1991-05-29','1973-05-31');
INSERT INTO customer_pii(cust_id,first_name,last_name,email_id,phone_no,city,province,country,membership_Date,DOB) VALUES (23,'Brian','King','BrianKing@facebook.com','2267925495','Scarborough','Ontario','Canada','1991-01-23','1973-01-31');
INSERT INTO customer_pii(cust_id,first_name,last_name,email_id,phone_no,city,province,country,membership_Date,DOB) VALUES (24,'Dorothy','Carter','DorothyCarter@facebook.com','5061283900','Scarborough','Ontario','Canada','1991-06-25','1973-06-30');
INSERT INTO customer_pii(cust_id,first_name,last_name,email_id,phone_no,city,province,country,membership_Date,DOB) VALUES (25,'Sharon','Collins','SharonCollins@facebook.com','2741894284','Scarborough','Ontario','Canada','1991-07-16','1973-07-31');
INSERT INTO customer_pii(cust_id,first_name,last_name,email_id,phone_no,city,province,country,membership_Date,DOB) VALUES (26,'Anil','Kumar','Anil.Kumar@gmail.com','1819111427','Toronto','Ontario','Canada','1991-04-29','1973-04-30');
INSERT INTO customer_pii(cust_id,first_name,last_name,email_id,phone_no,city,province,country,membership_Date,DOB) VALUES (27,'Ariana','Grande','Ariana.Grande@gmail.com','7913464592','Toronto','Ontario','Canada','1991-01-18','1973-01-31');
INSERT INTO customer_pii(cust_id,first_name,last_name,email_id,phone_no,city,province,country,membership_Date,DOB) VALUES (28,'Komal','Kaur','Komal.Kaur@gmail.com','5554085052','Toronto','Ontario','Canada','1991-09-27','1973-09-30');
INSERT INTO customer_pii(cust_id,first_name,last_name,email_id,phone_no,city,province,country,membership_Date,DOB) VALUES (29,'Baani','Kaur','Baani.Kaur@gmail.com','4201551158','Toronto','Ontario','Canada','1991-08-26','1973-08-31');
INSERT INTO customer_pii(cust_id,first_name,last_name,email_id,phone_no,city,province,country,membership_Date,DOB) VALUES (30,'Jyoti','Harish','Jyoti.Harish@gmail.com','2534851069','Toronto','Ontario','Canada','1991-06-30','1973-06-30');
INSERT INTO customer_pii(cust_id,first_name,last_name,email_id,phone_no,city,province,country,membership_Date,DOB) VALUES (31,'Rohit','Harish','Rohit.Harish@gmail.com','6582378237','Toronto','Ontario','Canada','1991-09-25','1973-09-30');
INSERT INTO customer_pii(cust_id,first_name,last_name,email_id,phone_no,city,province,country,membership_Date,DOB) VALUES (32,'Sandeep','Singh','Sandeep.Singh@gmail.com','3346191442','Toronto','Ontario','Canada','1968-08-13','1950-08-31');
INSERT INTO customer_pii(cust_id,first_name,last_name,email_id,phone_no,city,province,country,membership_Date,DOB) VALUES (33,'Jimmy','Shergill','Jimmy.Shergill@gmail.com','9398081017','Toronto','Ontario','Canada','1968-11-17','1950-11-30');
INSERT INTO customer_pii(cust_id,first_name,last_name,email_id,phone_no,city,province,country,membership_Date,DOB) VALUES (34,'Kiya','Advani','Kiya.Advani@gmail.com','5375279670','Toronto','Ontario','Canada','1968-04-24','1950-04-30');
INSERT INTO customer_pii(cust_id,first_name,last_name,email_id,phone_no,city,province,country,membership_Date,DOB) VALUES (35,'Sona','Das','Sona.Das@gmail.com','2507669828','Toronto','Ontario','Canada','1968-09-15','1950-09-30');
INSERT INTO customer_pii(cust_id,first_name,last_name,email_id,phone_no,city,province,country,membership_Date,DOB) VALUES (36,'Shruti','Kaur','Shruti.Kaur@gmail.com','5016722036','Toronto','Ontario','Canada','1968-07-30','1950-07-31');
INSERT INTO customer_pii(cust_id,first_name,last_name,email_id,phone_no,city,province,country,membership_Date,DOB) VALUES (37,'Anna','Bell','Anna.Bell@gmail.com','1397832079','Toronto','Ontario','Canada','1968-06-03','1950-06-30');
INSERT INTO customer_pii(cust_id,first_name,last_name,email_id,phone_no,city,province,country,membership_Date,DOB) VALUES (38,'George','Smith','George.Smith@gmail.com','7820197893','Toronto','Ontario','Canada','1968-07-30','1950-07-31');
INSERT INTO customer_pii(cust_id,first_name,last_name,email_id,phone_no,city,province,country,membership_Date,DOB) VALUES (39,'Samsung','Campbell','Samsung.Campbell@gmail.com','9914602063','Toronto','Ontario','Canada','1968-07-04','1950-07-31');
INSERT INTO customer_pii(cust_id,first_name,last_name,email_id,phone_no,city,province,country,membership_Date,DOB) VALUES (40,'Jane','Sate','Jane.Sate@gmail.com','5791473600','Toronto','Ontario','Canada','1968-10-19','1950-10-31');
INSERT INTO customer_pii(cust_id,first_name,last_name,email_id,phone_no,city,province,country,membership_Date,DOB) VALUES (41,'Kate','Andreson','Kate.Andreson@gmail.com','7452825425','Toronto','Ontario','Canada','1968-04-14','1950-04-30');
INSERT INTO customer_pii(cust_id,first_name,last_name,email_id,phone_no,city,province,country,membership_Date,DOB) VALUES (42,'Sutton','Brady','Sutton.Brady@gmail.com','8579343648','Toronto','Ontario','Canada','1968-04-20','1950-04-30');
INSERT INTO customer_pii(cust_id,first_name,last_name,email_id,phone_no,city,province,country,membership_Date,DOB) VALUES (43,'Ravi','Krishan','Ravi.Krishan@gmail.com','7802027560','Toronto','Ontario','Canada','1968-07-28','1950-07-31');
INSERT INTO customer_pii(cust_id,first_name,last_name,email_id,phone_no,city,province,country,membership_Date,DOB) VALUES (44,'Shardha','Kapoor','Shardha.Kapoor@gmail.com','3293405591','Toronto','Ontario','Canada','1968-09-04','1950-09-30');
INSERT INTO customer_pii(cust_id,first_name,last_name,email_id,phone_no,city,province,country,membership_Date,DOB) VALUES (45,'Amit','Arora','Amit.Arora@gmail.com','8746350456','Toronto','Ontario','Canada','1968-05-11','1950-05-31');
INSERT INTO customer_pii(cust_id,first_name,last_name,email_id,phone_no,city,province,country,membership_Date,DOB) VALUES (46,'Arnav','Goswami','Arnav.Goswami@gmail.com','4104513003','Toronto','Ontario','Canada','1968-07-28','1950-07-31');
INSERT INTO customer_pii(cust_id,first_name,last_name,email_id,phone_no,city,province,country,membership_Date,DOB) VALUES (47,'Navdeep','Bains','Navdeep.Bains@gmail.com','5809821825','Toronto','Ontario','Canada','1968-02-11','1950-02-28');
INSERT INTO customer_pii(cust_id,first_name,last_name,email_id,phone_no,city,province,country,membership_Date,DOB) VALUES (48,'Aman','Sara','Aman.Sara@gmail.com','8471110545','Winnipeg','Manitoba','Canada','1968-10-11','1950-10-31');
INSERT INTO customer_pii(cust_id,first_name,last_name,email_id,phone_no,city,province,country,membership_Date,DOB) VALUES (49,'Raman','Nehal','Raman.Nehal@gmail.com','1976512803','Winnipeg','Manitoba','Canada','1968-06-15','1950-06-30');
INSERT INTO customer_pii(cust_id,first_name,last_name,email_id,phone_no,city,province,country,membership_Date,DOB) VALUES (50,'Shreya','Bhatt','Shreya.Bhatt@gmail.com','1979402035','Winnipeg','Manitoba','Canada','1968-04-11','1950-04-30');
INSERT INTO customer_pii(cust_id,first_name,last_name,email_id,phone_no,city,province,country,membership_Date,DOB) VALUES (51,'Madhu','Bhatia','Madhu.Bhatia@gmail.com','5426897740','Winnipeg','Manitoba','Canada','2001-11-12','1983-11-30');
INSERT INTO customer_pii(cust_id,first_name,last_name,email_id,phone_no,city,province,country,membership_Date,DOB) VALUES (52,'Swati','Jindal','Swati.Jindal@gmail.com','5973549352','Winnipeg','Manitoba','Canada','1999-10-08','1981-10-31');
INSERT INTO customer_pii(cust_id,first_name,last_name,email_id,phone_no,city,province,country,membership_Date,DOB) VALUES (53,'Shrishti','Gupta','Shrishti.Gupta@gmail.com','1858596123','Winnipeg','Manitoba','Canada','1968-10-18','1950-10-31');
INSERT INTO customer_pii(cust_id,first_name,last_name,email_id,phone_no,city,province,country,membership_Date,DOB) VALUES (54,'Shilpi','Gupta','Shilpi.Gupta@gmail.com','7197049852','Winnipeg','Manitoba','Canada','1968-08-07','1950-08-31');
INSERT INTO customer_pii(cust_id,first_name,last_name,email_id,phone_no,city,province,country,membership_Date,DOB) VALUES (55,'Swarnima','Senger','Swarnima.Senger@gmail.com','1576930889','Winnipeg','Manitoba','Canada','1968-04-10','1950-04-30');
INSERT INTO customer_pii(cust_id,first_name,last_name,email_id,phone_no,city,province,country,membership_Date,DOB) VALUES (56,'Shivam','Wadhwani','Shivam.Wadhwani@gmail.com','8096963969','Winnipeg','Manitoba','Canada','1968-08-15','1950-08-31');
INSERT INTO customer_pii(cust_id,first_name,last_name,email_id,phone_no,city,province,country,membership_Date,DOB) VALUES (57,'Deepa','Kumari','Deepa.Kumari@gmail.com','9765530292','Winnipeg','Manitoba','Canada','1968-09-14','1950-09-30');
INSERT INTO customer_pii(cust_id,first_name,last_name,email_id,phone_no,city,province,country,membership_Date,DOB) VALUES (58,'James','Smith','JamesSmith@gmail.com','6271203528','Winnipeg','Manitoba','Canada','1968-09-19','1950-09-30');
INSERT INTO customer_pii(cust_id,first_name,last_name,email_id,phone_no,city,province,country,membership_Date,DOB) VALUES (59,'Christopher','Anderson','ChristopherAnderson@gmail.com','6985354748','Winnipeg','Manitoba','Canada','1968-06-14','1950-06-30');
INSERT INTO customer_pii(cust_id,first_name,last_name,email_id,phone_no,city,province,country,membership_Date,DOB) VALUES (60,'Ronald','Clark','RonaldClark@gmail.com','6411443527','Winnipeg','Manitoba','Canada','1968-11-07','1950-11-30');
INSERT INTO customer_pii(cust_id,first_name,last_name,email_id,phone_no,city,province,country,membership_Date,DOB) VALUES (61,'Mary','Wright','MaryWright@gmail.com','8760393371','Winnipeg','Manitoba','Canada','1968-05-05','1950-05-31');
INSERT INTO customer_pii(cust_id,first_name,last_name,email_id,phone_no,city,province,country,membership_Date,DOB) VALUES (62,'Lisa','Mitchell','LisaMitchell@gmail.com','3438644911','Winnipeg','Manitoba','Canada','1991-12-15','1973-12-31');
INSERT INTO customer_pii(cust_id,first_name,last_name,email_id,phone_no,city,province,country,membership_Date,DOB) VALUES (63,'Michelle','Johnson','MichelleJohnson@gmail.com','4597852479','Winnipeg','Manitoba','Canada','1991-04-18','1973-04-30');
INSERT INTO customer_pii(cust_id,first_name,last_name,email_id,phone_no,city,province,country,membership_Date,DOB) VALUES (64,'John','Thomas','JohnThomas@gmail.com','3826348414','Winnipeg','Manitoba','Canada','1991-10-15','1973-10-31');
INSERT INTO customer_pii(cust_id,first_name,last_name,email_id,phone_no,city,province,country,membership_Date,DOB) VALUES (65,'Daniel','Rodriguez','DanielRodriguez@gmail.com','6675384388','Winnipeg','Manitoba','Canada','1991-11-13','1973-11-30');
INSERT INTO customer_pii(cust_id,first_name,last_name,email_id,phone_no,city,province,country,membership_Date,DOB) VALUES (66,'Anthony','Lopez','AnthonyLopez@gmail.com','5631572587','Montreal','Quebec','Canada','1991-03-29','1973-03-31');
INSERT INTO customer_pii(cust_id,first_name,last_name,email_id,phone_no,city,province,country,membership_Date,DOB) VALUES (67,'Patricia','Perez','PatriciaPerez@gmail.com','7263487258','Montreal','Quebec','Canada','1991-02-26','1973-02-28');
INSERT INTO customer_pii(cust_id,first_name,last_name,email_id,phone_no,city,province,country,membership_Date,DOB) VALUES (68,'Nancy','Williams','NancyWilliams@hotmail.com','4904399799','Montreal','Quebec','Canada','1991-03-26','1973-03-31');
INSERT INTO customer_pii(cust_id,first_name,last_name,email_id,phone_no,city,province,country,membership_Date,DOB) VALUES (69,'Laura','Jackson','LauraJackson@hotmail.com','4851455265','Montreal','Quebec','Canada','1991-01-15','1973-01-31');
INSERT INTO customer_pii(cust_id,first_name,last_name,email_id,phone_no,city,province,country,membership_Date,DOB) VALUES (70,'Robert','Lewis','RobertLewis@hotmail.com','7270640377','Montreal','Quebec','Canada','1991-04-16','1973-04-30');
INSERT INTO customer_pii(cust_id,first_name,last_name,email_id,phone_no,city,province,country,membership_Date,DOB) VALUES (71,'Paul','Hill','PaulHill@hotmail.com','5073542812','Montreal','Quebec','Canada','1991-02-23','1973-02-28');
INSERT INTO customer_pii(cust_id,first_name,last_name,email_id,phone_no,city,province,country,membership_Date,DOB) VALUES (72,'Kevin','Roberts','KevinRoberts@hotmail.com','7385198833','Montreal','Quebec','Canada','1991-08-07','1973-08-31');
INSERT INTO customer_pii(cust_id,first_name,last_name,email_id,phone_no,city,province,country,membership_Date,DOB) VALUES (73,'Linda','Jones','LindaJones@hotmail.com','4028608286','Montreal','Quebec','Canada','1991-09-20','1973-09-30');
INSERT INTO customer_pii(cust_id,first_name,last_name,email_id,phone_no,city,province,country,membership_Date,DOB) VALUES (74,'Karen','White','KarenWhite@hotmail.com','1480640302','Montreal','Quebec','Canada','1968-05-07','1950-05-31');
INSERT INTO customer_pii(cust_id,first_name,last_name,email_id,phone_no,city,province,country,membership_Date,DOB) VALUES (75,'Sarah','Lee','SarahLee@hotmail.com','3629007886','Montreal','Quebec','Canada','1968-05-27','1950-05-31');
INSERT INTO customer_pii(cust_id,first_name,last_name,email_id,phone_no,city,province,country,membership_Date,DOB) VALUES (76,'Michael','Scott','MichaelScott@hotmail.com','7369974264','Surrey','British Columbia','Canada','1968-12-09','1950-12-31');
INSERT INTO customer_pii(cust_id,first_name,last_name,email_id,phone_no,city,province,country,membership_Date,DOB) VALUES (77,'Mark','Turner','MarkTurner@hotmail.com','8738225724','Surrey','British Columbia','Canada','1968-05-29','1950-05-31');
INSERT INTO customer_pii(cust_id,first_name,last_name,email_id,phone_no,city,province,country,membership_Date,DOB) VALUES (78,'Jason','Brown','JasonBrown@aol.com','3909884687','Surrey','British Columbia','Canada','1968-08-04','1950-08-31');
INSERT INTO customer_pii(cust_id,first_name,last_name,email_id,phone_no,city,province,country,membership_Date,DOB) VALUES (79,'Barbara','Harris','BarbaraHarris@aol.com','9959871358','Surrey','British Columbia','Canada','1968-04-26','1950-04-30');
INSERT INTO customer_pii(cust_id,first_name,last_name,email_id,phone_no,city,province,country,membership_Date,DOB) VALUES (80,'Betty','Walker','BettyWalker@aol.com','8318865630','Surrey','British Columbia','Canada','1968-10-03','1950-10-31');
INSERT INTO customer_pii(cust_id,first_name,last_name,email_id,phone_no,city,province,country,membership_Date,DOB) VALUES (81,'Kimberly','Green','KimberlyGreen@aol.com','8748914399','Surrey','British Columbia','Canada','1968-09-27','1950-09-30');
INSERT INTO customer_pii(cust_id,first_name,last_name,email_id,phone_no,city,province,country,membership_Date,DOB) VALUES (82,'William','Phillips','WilliamPhillips@aol.com','3264459484','Surrey','British Columbia','Canada','1968-09-10','1950-09-30');
INSERT INTO customer_pii(cust_id,first_name,last_name,email_id,phone_no,city,province,country,membership_Date,DOB) VALUES (83,'Donald','Davis','DonaldDavis@aol.com','1597969311','Surrey','British Columbia','Canada','1968-12-25','1950-12-31');
INSERT INTO customer_pii(cust_id,first_name,last_name,email_id,phone_no,city,province,country,membership_Date,DOB) VALUES (84,'Jeff','Martin','JeffMartin@aol.com','8449245875','Surrey','British Columbia','Canada','1968-06-09','1950-06-30');
INSERT INTO customer_pii(cust_id,first_name,last_name,email_id,phone_no,city,province,country,membership_Date,DOB) VALUES (85,'Elizabeth','Hall','ElizabethHall@aol.com','1311717078','Surrey','British Columbia','Canada','1968-11-26','1950-11-30');
INSERT INTO customer_pii(cust_id,first_name,last_name,email_id,phone_no,city,province,country,membership_Date,DOB) VALUES (86,'Helen','Adams','HelenAdams@aol.com','4872702218','Surrey','British Columbia','Canada','1968-01-18','1950-01-31');
INSERT INTO customer_pii(cust_id,first_name,last_name,email_id,phone_no,city,province,country,membership_Date,DOB) VALUES (87,'Deborah','Campbell','DeborahCampbell@aol.com','2439025082','Surrey','British Columbia','Canada','1968-04-29','1950-04-30');
INSERT INTO customer_pii(cust_id,first_name,last_name,email_id,phone_no,city,province,country,membership_Date,DOB) VALUES (88,'David','Miller','DavidMiller@yahoo.com','3131437778','Surrey','British Columbia','Canada','1968-09-26','1950-09-30');
INSERT INTO customer_pii(cust_id,first_name,last_name,email_id,phone_no,city,province,country,membership_Date,DOB) VALUES (89,'George','Thompson','GeorgeThompson@yahoo.com','5452014310','Surrey','British Columbia','Canada','1968-02-14','1950-02-28');
INSERT INTO customer_pii(cust_id,first_name,last_name,email_id,phone_no,city,province,country,membership_Date,DOB) VALUES (90,'Jennifer','Allen','JenniferAllen@yahoo.com','7824518909','Surrey','British Columbia','Canada','1968-11-27','1950-11-30');
INSERT INTO customer_pii(cust_id,first_name,last_name,email_id,phone_no,city,province,country,membership_Date,DOB) VALUES (91,'Sandra','Baker','SandraBaker@yahoo.com','7609625956','Vancouver','British Columbia','Canada','1968-11-10','1950-11-30');
INSERT INTO customer_pii(cust_id,first_name,last_name,email_id,phone_no,city,province,country,membership_Date,DOB) VALUES (92,'Richard','Parker','RichardParker@yahoo.com','8088799425','Vancouver','British Columbia','Canada','1968-04-17','1950-04-30');
INSERT INTO customer_pii(cust_id,first_name,last_name,email_id,phone_no,city,province,country,membership_Date,DOB) VALUES (93,'Kenneth','Wilson','KennethWilson@yahoo.com','7077646186','Vancouver','British Columbia','Canada','2000-06-15','1982-06-30');
INSERT INTO customer_pii(cust_id,first_name,last_name,email_id,phone_no,city,province,country,membership_Date,DOB) VALUES (94,'Maria','Garcia','MariaGarcia@yahoo.com','5186197152','Vancouver','British Columbia','Canada','1981-08-20','1963-08-31');
INSERT INTO customer_pii(cust_id,first_name,last_name,email_id,phone_no,city,province,country,membership_Date,DOB) VALUES (95,'Donna','Young','DonnaYoung@yahoo.com','9079482183','Vancouver','British Columbia','Canada','1981-11-12','1963-11-30');
INSERT INTO customer_pii(cust_id,first_name,last_name,email_id,phone_no,city,province,country,membership_Date,DOB) VALUES (96,'Charles','Gonzalez','CharlesGonzalez@yahoo.com','9769031151','Vancouver','British Columbia','Canada','1981-02-04','1963-02-28');
INSERT INTO customer_pii(cust_id,first_name,last_name,email_id,phone_no,city,province,country,membership_Date,DOB) VALUES (97,'Steven','Evans','StevenEvans@yahoo.com','8991129103','Vancouver','British Columbia','Canada','1981-10-20','1963-10-31');
INSERT INTO customer_pii(cust_id,first_name,last_name,email_id,phone_no,city,province,country,membership_Date,DOB) VALUES (98,'Susan','Moore','SusanMoore@yahoo.com','1433820633','Vancouver','British Columbia','Canada','1981-06-27','1963-06-30');
INSERT INTO customer_pii(cust_id,first_name,last_name,email_id,phone_no,city,province,country,membership_Date,DOB) VALUES (99,'Carol','Martinez','CarolMartinez@facebook.com','2234476021','Vancouver','British Columbia','Canada','1975-02-11','1957-02-28');
INSERT INTO customer_pii(cust_id,first_name,last_name,email_id,phone_no,city,province,country,membership_Date,DOB) VALUES (100,'Joseph','Hernandez','JosephHernandez@facebook.com','7755225954','Vancouver','British Columbia','Canada','1975-01-06','1957-01-31');


INSERT INTO transactions(card_10digit,cust_id,product_code,transaction_ID,transaction_Date,transaction_amount,merchant_ID) VALUES (1111111200,56,'ABC',58797,'2019-02-05',427.77,15639483);
INSERT INTO transactions(card_10digit,cust_id,product_code,transaction_ID,transaction_Date,transaction_amount,merchant_ID) VALUES (1111111145,93,'ABC',58714,'2018-11-21',612.78,15639486);
INSERT INTO transactions(card_10digit,cust_id,product_code,transaction_ID,transaction_Date,transaction_amount,merchant_ID) VALUES (1111111178,100,'ABC',58686,'2018-01-21',38.01,15639488);
INSERT INTO transactions(card_10digit,cust_id,product_code,transaction_ID,transaction_Date,transaction_amount,merchant_ID) VALUES (1111111178,100,'ABC',58772,'2018-03-14',223.87,15639490);
INSERT INTO transactions(card_10digit,cust_id,product_code,transaction_ID,transaction_Date,transaction_amount,merchant_ID) VALUES (1111111116,48,'ABC',58858,'2019-07-14',389.44,15639492);
INSERT INTO transactions(card_10digit,cust_id,product_code,transaction_ID,transaction_Date,transaction_amount,merchant_ID) VALUES (1111111179,92,'ABC',58963,'2018-11-23',486.8,15639494);
INSERT INTO transactions(card_10digit,cust_id,product_code,transaction_ID,transaction_Date,transaction_amount,merchant_ID) VALUES (1111111121,64,'ABC',58815,'2021-02-16',930.48,15639496);
INSERT INTO transactions(card_10digit,cust_id,product_code,transaction_ID,transaction_Date,transaction_amount,merchant_ID) VALUES (1111111180,86,'ABC',58826,'2019-10-14',467.67,15639507);
INSERT INTO transactions(card_10digit,cust_id,product_code,transaction_ID,transaction_Date,transaction_amount,merchant_ID) VALUES (1111111112,74,'ABC',58853,'2020-10-31',625.6,15639509);
INSERT INTO transactions(card_10digit,cust_id,product_code,transaction_ID,transaction_Date,transaction_amount,merchant_ID) VALUES (1111111150,78,'ABC',58961,'2017-02-19',679.65,15639514);
INSERT INTO transactions(card_10digit,cust_id,product_code,transaction_ID,transaction_Date,transaction_amount,merchant_ID) VALUES (1111111157,38,'ABC',58889,'2020-09-20',710.01,15639523);
INSERT INTO transactions(card_10digit,cust_id,product_code,transaction_ID,transaction_Date,transaction_amount,merchant_ID) VALUES (1111111198,58,'IJK',58927,'2021-05-31',777.07,15639526);
INSERT INTO transactions(card_10digit,cust_id,product_code,transaction_ID,transaction_Date,transaction_amount,merchant_ID) VALUES (1111111196,58,'ABC',58666,'2017-08-24',910.83,15639529);
INSERT INTO transactions(card_10digit,cust_id,product_code,transaction_ID,transaction_Date,transaction_amount,merchant_ID) VALUES (1111111140,15,'MNO',58819,'2018-02-16',909.33,15639531);
INSERT INTO transactions(card_10digit,cust_id,product_code,transaction_ID,transaction_Date,transaction_amount,merchant_ID) VALUES (1111111195,98,'MNO',58783,'2016-07-19',299.04,15639532);
INSERT INTO transactions(card_10digit,cust_id,product_code,transaction_ID,transaction_Date,transaction_amount,merchant_ID) VALUES (1111111114,77,'MNO',59011,'2019-09-23',772.32,15639537);
INSERT INTO transactions(card_10digit,cust_id,product_code,transaction_ID,transaction_Date,transaction_amount,merchant_ID) VALUES (1111111297,1,'MNO',58785,'2021-01-11',246.58,15639540);
INSERT INTO transactions(card_10digit,cust_id,product_code,transaction_ID,transaction_Date,transaction_amount,merchant_ID) VALUES (1111111126,69,'MNO',58647,'2018-09-04',570.95,15639545);
INSERT INTO transactions(card_10digit,cust_id,product_code,transaction_ID,transaction_Date,transaction_amount,merchant_ID) VALUES (1111111168,23,'MNO',58712,'2019-12-15',322.96,15639556);
INSERT INTO transactions(card_10digit,cust_id,product_code,transaction_ID,transaction_Date,transaction_amount,merchant_ID) VALUES (1111111163,41,'MNO',58631,'2020-06-29',180.34,15639565);
INSERT INTO transactions(card_10digit,cust_id,product_code,transaction_ID,transaction_Date,transaction_amount,merchant_ID) VALUES (1111111118,93,'MNO',58771,'2019-08-22',705.57,15639567);
INSERT INTO transactions(card_10digit,cust_id,product_code,transaction_ID,transaction_Date,transaction_amount,merchant_ID) VALUES (1111111178,100,'ABC',58985,'2021-06-14',738.44,15639572);
INSERT INTO transactions(card_10digit,cust_id,product_code,transaction_ID,transaction_Date,transaction_amount,merchant_ID) VALUES (1111111297,1,'MNO',59059,'2017-10-22',334.2,15639574);
INSERT INTO transactions(card_10digit,cust_id,product_code,transaction_ID,transaction_Date,transaction_amount,merchant_ID) VALUES (1111111166,48,'MNO',58724,'2020-05-10',682.28,15639576);
INSERT INTO transactions(card_10digit,cust_id,product_code,transaction_ID,transaction_Date,transaction_amount,merchant_ID) VALUES (1111111118,93,'MNO',58577,'2021-04-23',2.15,15639579);
INSERT INTO transactions(card_10digit,cust_id,product_code,transaction_ID,transaction_Date,transaction_amount,merchant_ID) VALUES (1111111193,7,'MNO',58917,'2018-07-12',215.39,15639580);
INSERT INTO transactions(card_10digit,cust_id,product_code,transaction_ID,transaction_Date,transaction_amount,merchant_ID) VALUES (1111111115,40,'MNO',58911,'2021-02-09',92.74,15639583);
INSERT INTO transactions(card_10digit,cust_id,product_code,transaction_ID,transaction_Date,transaction_amount,merchant_ID) VALUES (1111111180,86,'ABC',58813,'2021-10-10',17.99,15639593);
INSERT INTO transactions(card_10digit,cust_id,product_code,transaction_ID,transaction_Date,transaction_amount,merchant_ID) VALUES (1111111173,40,'IJK',58900,'2021-04-22',206.99,15639594);
INSERT INTO transactions(card_10digit,cust_id,product_code,transaction_ID,transaction_Date,transaction_amount,merchant_ID) VALUES (1111111129,55,'MNO',58835,'2019-11-15',397.53,15639596);
INSERT INTO transactions(card_10digit,cust_id,product_code,transaction_ID,transaction_Date,transaction_amount,merchant_ID) VALUES (1111111191,68,'EFG',58720,'2021-04-21',867.15,15639597);
INSERT INTO transactions(card_10digit,cust_id,product_code,transaction_ID,transaction_Date,transaction_amount,merchant_ID) VALUES (1111111136,92,'EFG',58604,'2018-10-19',395.91,15639604);
INSERT INTO transactions(card_10digit,cust_id,product_code,transaction_ID,transaction_Date,transaction_amount,merchant_ID) VALUES (1111111142,45,'XYZ',58910,'2020-10-03',808.16,15639605);
INSERT INTO transactions(card_10digit,cust_id,product_code,transaction_ID,transaction_Date,transaction_amount,merchant_ID) VALUES (1111111193,7,'MNO',58580,'2020-08-10',198.46,15639607);
INSERT INTO transactions(card_10digit,cust_id,product_code,transaction_ID,transaction_Date,transaction_amount,merchant_ID) VALUES (1111111116,48,'ABC',58845,'2021-03-24',389.4,15639612);
INSERT INTO transactions(card_10digit,cust_id,product_code,transaction_ID,transaction_Date,transaction_amount,merchant_ID) VALUES (1111111204,2,'EFG',59018,'2016-10-20',667.01,15639615);
INSERT INTO transactions(card_10digit,cust_id,product_code,transaction_ID,transaction_Date,transaction_amount,merchant_ID) VALUES (1111111126,69,'MNO',58950,'2020-04-15',496.8,15639616);
INSERT INTO transactions(card_10digit,cust_id,product_code,transaction_ID,transaction_Date,transaction_amount,merchant_ID) VALUES (1111111170,45,'EFG',58674,'2020-12-27',723.91,15639621);
INSERT INTO transactions(card_10digit,cust_id,product_code,transaction_ID,transaction_Date,transaction_amount,merchant_ID) VALUES (1111111300,2,'ABC',58992,'2021-07-21',394.21,15639623);
INSERT INTO transactions(card_10digit,cust_id,product_code,transaction_ID,transaction_Date,transaction_amount,merchant_ID) VALUES (1111111175,83,'EFG',58756,'2020-01-12',766.04,15639626);
INSERT INTO transactions(card_10digit,cust_id,product_code,transaction_ID,transaction_Date,transaction_amount,merchant_ID) VALUES (1111111171,2,'MNO',58616,'2021-06-01',429.09,15639631);
INSERT INTO transactions(card_10digit,cust_id,product_code,transaction_ID,transaction_Date,transaction_amount,merchant_ID) VALUES (1111111193,7,'MNO',58932,'2020-11-20',71.48,15639636);
INSERT INTO transactions(card_10digit,cust_id,product_code,transaction_ID,transaction_Date,transaction_amount,merchant_ID) VALUES (1111111155,19,'UVW',58912,'2020-02-07',518.29,15639483);
INSERT INTO transactions(card_10digit,cust_id,product_code,transaction_ID,transaction_Date,transaction_amount,merchant_ID) VALUES (1111111162,7,'QRS',58739,'2020-08-05',801.77,15639486);
INSERT INTO transactions(card_10digit,cust_id,product_code,transaction_ID,transaction_Date,transaction_amount,merchant_ID) VALUES (1111111163,41,'MNO',58829,'2017-10-31',622.11,15639488);
INSERT INTO transactions(card_10digit,cust_id,product_code,transaction_ID,transaction_Date,transaction_amount,merchant_ID) VALUES (1111111186,30,'QRS',58804,'2021-07-24',720.94,15639490);
INSERT INTO transactions(card_10digit,cust_id,product_code,transaction_ID,transaction_Date,transaction_amount,merchant_ID) VALUES (1111111198,58,'IJK',58598,'2020-07-23',232.55,15639492);
INSERT INTO transactions(card_10digit,cust_id,product_code,transaction_ID,transaction_Date,transaction_amount,merchant_ID) VALUES (1111111182,34,'QRS',58800,'2019-08-10',516.22,15639494);
INSERT INTO transactions(card_10digit,cust_id,product_code,transaction_ID,transaction_Date,transaction_amount,merchant_ID) VALUES (1111111191,68,'EFG',58945,'2017-12-26',59.39,15639496);
INSERT INTO transactions(card_10digit,cust_id,product_code,transaction_ID,transaction_Date,transaction_amount,merchant_ID) VALUES (1111111131,5,'QRS',58760,'2021-04-01',554.05,15639507);
INSERT INTO transactions(card_10digit,cust_id,product_code,transaction_ID,transaction_Date,transaction_amount,merchant_ID) VALUES (1111111139,86,'QRS',58574,'2018-08-13',237.65,15639509);
INSERT INTO transactions(card_10digit,cust_id,product_code,transaction_ID,transaction_Date,transaction_amount,merchant_ID) VALUES (1111111173,40,'IJK',58790,'2020-10-09',117.09,15639514);
INSERT INTO transactions(card_10digit,cust_id,product_code,transaction_ID,transaction_Date,transaction_amount,merchant_ID) VALUES (1111111131,5,'QRS',58706,'2020-03-16',696.93,15639523);
INSERT INTO transactions(card_10digit,cust_id,product_code,transaction_ID,transaction_Date,transaction_amount,merchant_ID) VALUES (1111111185,21,'QRS',58594,'2020-12-30',314.16,15639526);
INSERT INTO transactions(card_10digit,cust_id,product_code,transaction_ID,transaction_Date,transaction_amount,merchant_ID) VALUES (1111111131,5,'QRS',58905,'2019-07-30',391.78,15639529);
INSERT INTO transactions(card_10digit,cust_id,product_code,transaction_ID,transaction_Date,transaction_amount,merchant_ID) VALUES (1111111181,57,'QRS',58893,'2020-12-28',254.53,15639531);
INSERT INTO transactions(card_10digit,cust_id,product_code,transaction_ID,transaction_Date,transaction_amount,merchant_ID) VALUES (1111111189,66,'QRS',58850,'2017-12-13',209.86,15639532);
INSERT INTO transactions(card_10digit,cust_id,product_code,transaction_ID,transaction_Date,transaction_amount,merchant_ID) VALUES (1111111128,36,'QRS',59042,'2018-06-01',108.89,15639537);
INSERT INTO transactions(card_10digit,cust_id,product_code,transaction_ID,transaction_Date,transaction_amount,merchant_ID) VALUES (1111111158,29,'QRS',59031,'2018-04-11',654.75,15639540);
INSERT INTO transactions(card_10digit,cust_id,product_code,transaction_ID,transaction_Date,transaction_amount,merchant_ID) VALUES (1111111151,87,'QRS',58569,'2017-12-12',199.89,15639545);
INSERT INTO transactions(card_10digit,cust_id,product_code,transaction_ID,transaction_Date,transaction_amount,merchant_ID) VALUES (1111111131,5,'QRS',58949,'2020-05-30',324.72,15639556);
INSERT INTO transactions(card_10digit,cust_id,product_code,transaction_ID,transaction_Date,transaction_amount,merchant_ID) VALUES (1111111146,22,'QRS',58784,'2018-06-14',166.43,15639565);
INSERT INTO transactions(card_10digit,cust_id,product_code,transaction_ID,transaction_Date,transaction_amount,merchant_ID) VALUES (1111111148,42,'QRS',58866,'2020-04-06',773.81,15639567);
INSERT INTO transactions(card_10digit,cust_id,product_code,transaction_ID,transaction_Date,transaction_amount,merchant_ID) VALUES (1111111170,45,'EFG',58648,'2017-02-18',326,15639572);
INSERT INTO transactions(card_10digit,cust_id,product_code,transaction_ID,transaction_Date,transaction_amount,merchant_ID) VALUES (1111111193,7,'MNO',58903,'2018-09-22',406.31,15639574);
INSERT INTO transactions(card_10digit,cust_id,product_code,transaction_ID,transaction_Date,transaction_amount,merchant_ID) VALUES (1111111128,36,'QRS',58596,'2017-02-09',714.23,15639576);
INSERT INTO transactions(card_10digit,cust_id,product_code,transaction_ID,transaction_Date,transaction_amount,merchant_ID) VALUES (1111111163,41,'MNO',58798,'2019-06-08',700.81,15639579);
INSERT INTO transactions(card_10digit,cust_id,product_code,transaction_ID,transaction_Date,transaction_amount,merchant_ID) VALUES (1111111113,98,'QRS',58586,'2020-10-31',578.51,15639580);
INSERT INTO transactions(card_10digit,cust_id,product_code,transaction_ID,transaction_Date,transaction_amount,merchant_ID) VALUES (1111111179,92,'ABC',58952,'2020-02-19',967.9,15639583);
INSERT INTO transactions(card_10digit,cust_id,product_code,transaction_ID,transaction_Date,transaction_amount,merchant_ID) VALUES (1111111200,56,'ABC',58770,'2019-05-26',560,15639593);
INSERT INTO transactions(card_10digit,cust_id,product_code,transaction_ID,transaction_Date,transaction_amount,merchant_ID) VALUES (1111111180,86,'ABC',58822,'2020-05-19',155.15,15639594);
INSERT INTO transactions(card_10digit,cust_id,product_code,transaction_ID,transaction_Date,transaction_amount,merchant_ID) VALUES (1111111149,80,'QRS',58767,'2019-05-27',687.1,15639596);
INSERT INTO transactions(card_10digit,cust_id,product_code,transaction_ID,transaction_Date,transaction_amount,merchant_ID) VALUES (1111111189,66,'QRS',58692,'2018-11-22',753.5,15639597);
INSERT INTO transactions(card_10digit,cust_id,product_code,transaction_ID,transaction_Date,transaction_amount,merchant_ID) VALUES (1111111135,98,'UVW',58844,'2019-07-23',663.43,15639604);
INSERT INTO transactions(card_10digit,cust_id,product_code,transaction_ID,transaction_Date,transaction_amount,merchant_ID) VALUES (1111111144,70,'QRS',58971,'2018-08-08',48.56,15639605);
INSERT INTO transactions(card_10digit,cust_id,product_code,transaction_ID,transaction_Date,transaction_amount,merchant_ID) VALUES (1111111185,21,'QRS',58597,'2020-06-16',480.45,15639607);
INSERT INTO transactions(card_10digit,cust_id,product_code,transaction_ID,transaction_Date,transaction_amount,merchant_ID) VALUES (1111111117,93,'QRS',58979,'2017-12-30',668.84,15639612);
INSERT INTO transactions(card_10digit,cust_id,product_code,transaction_ID,transaction_Date,transaction_amount,merchant_ID) VALUES (1111111155,19,'UVW',59039,'2016-08-29',791.28,15639615);
INSERT INTO transactions(card_10digit,cust_id,product_code,transaction_ID,transaction_Date,transaction_amount,merchant_ID) VALUES (1111111122,56,'UVW',58964,'2020-05-31',35.66,15639616);
INSERT INTO transactions(card_10digit,cust_id,product_code,transaction_ID,transaction_Date,transaction_amount,merchant_ID) VALUES (1111111146,22,'QRS',58576,'2018-12-07',362.28,15639621);
INSERT INTO transactions(card_10digit,cust_id,product_code,transaction_ID,transaction_Date,transaction_amount,merchant_ID) VALUES (1111111129,55,'MNO',59051,'2017-07-23',708.04,15639623);
INSERT INTO transactions(card_10digit,cust_id,product_code,transaction_ID,transaction_Date,transaction_amount,merchant_ID) VALUES (1111111125,27,'UVW',58895,'2016-06-15',48.28,15639626);
INSERT INTO transactions(card_10digit,cust_id,product_code,transaction_ID,transaction_Date,transaction_amount,merchant_ID) VALUES (1111111135,98,'UVW',58589,'2016-07-05',120.66,15639631);
INSERT INTO transactions(card_10digit,cust_id,product_code,transaction_ID,transaction_Date,transaction_amount,merchant_ID) VALUES (1111111162,7,'QRS',58841,'2018-01-26',239.7,15639636);
INSERT INTO transactions(card_10digit,cust_id,product_code,transaction_ID,transaction_Date,transaction_amount,merchant_ID) VALUES (1111111151,87,'QRS',58658,'2017-07-10',954.3,15639640);
INSERT INTO transactions(card_10digit,cust_id,product_code,transaction_ID,transaction_Date,transaction_amount,merchant_ID) VALUES (1111111188,18,'UVW',58575,'2020-07-23',574.36,15639652);
INSERT INTO transactions(card_10digit,cust_id,product_code,transaction_ID,transaction_Date,transaction_amount,merchant_ID) VALUES (1111111129,55,'MNO',58901,'2016-10-18',831.3,15639657);
INSERT INTO transactions(card_10digit,cust_id,product_code,transaction_ID,transaction_Date,transaction_amount,merchant_ID) VALUES (1111111195,98,'MNO',58697,'2017-07-27',317.92,15639662);
INSERT INTO transactions(card_10digit,cust_id,product_code,transaction_ID,transaction_Date,transaction_amount,merchant_ID) VALUES (1111111151,87,'QRS',59009,'2017-08-05',564.75,15639665);
INSERT INTO transactions(card_10digit,cust_id,product_code,transaction_ID,transaction_Date,transaction_amount,merchant_ID) VALUES (1111111112,74,'ABC',58779,'2018-10-17',611.94,15639667);
INSERT INTO transactions(card_10digit,cust_id,product_code,transaction_ID,transaction_Date,transaction_amount,merchant_ID) VALUES (1111111123,68,'UVW',58595,'2018-08-28',977.54,15639677);
INSERT INTO transactions(card_10digit,cust_id,product_code,transaction_ID,transaction_Date,transaction_amount,merchant_ID) VALUES (1111111124,85,'UVW',58778,'2017-01-22',852.48,15639679);
INSERT INTO transactions(card_10digit,cust_id,product_code,transaction_ID,transaction_Date,transaction_amount,merchant_ID) VALUES (1111111132,66,'EFG',58684,'2017-01-28',122.82,15639483);
INSERT INTO transactions(card_10digit,cust_id,product_code,transaction_ID,transaction_Date,transaction_amount,merchant_ID) VALUES (1111111154,19,'EFG',58931,'2019-01-14',288.24,15639486);
INSERT INTO transactions(card_10digit,cust_id,product_code,transaction_ID,transaction_Date,transaction_amount,merchant_ID) VALUES (1111111161,40,'EFG',58573,'2020-02-10',873.33,15639488);
INSERT INTO transactions(card_10digit,cust_id,product_code,transaction_ID,transaction_Date,transaction_amount,merchant_ID) VALUES (1111111168,23,'MNO',58649,'2021-01-30',352.36,15639490);
INSERT INTO transactions(card_10digit,cust_id,product_code,transaction_ID,transaction_Date,transaction_amount,merchant_ID) VALUES (1111111138,68,'QRS',59006,'2017-12-07',151.95,15639492);
INSERT INTO transactions(card_10digit,cust_id,product_code,transaction_ID,transaction_Date,transaction_amount,merchant_ID) VALUES (1111111171,2,'MNO',58859,'2020-06-24',882.44,15639494);
INSERT INTO transactions(card_10digit,cust_id,product_code,transaction_ID,transaction_Date,transaction_amount,merchant_ID) VALUES (1111111138,68,'QRS',58884,'2021-07-24',413.12,15639496);
INSERT INTO transactions(card_10digit,cust_id,product_code,transaction_ID,transaction_Date,transaction_amount,merchant_ID) VALUES (1111111200,56,'ABC',58923,'2019-11-27',932.44,15639507);
INSERT INTO transactions(card_10digit,cust_id,product_code,transaction_ID,transaction_Date,transaction_amount,merchant_ID) VALUES (1111111142,45,'XYZ',59034,'2021-03-19',887.49,15639509);
INSERT INTO transactions(card_10digit,cust_id,product_code,transaction_ID,transaction_Date,transaction_amount,merchant_ID) VALUES (1111111155,19,'UVW',58828,'2019-07-07',682.57,15639514);
INSERT INTO transactions(card_10digit,cust_id,product_code,transaction_ID,transaction_Date,transaction_amount,merchant_ID) VALUES (1111111161,40,'EFG',58857,'2016-11-11',260.33,15639523);
INSERT INTO transactions(card_10digit,cust_id,product_code,transaction_ID,transaction_Date,transaction_amount,merchant_ID) VALUES (1111111113,98,'QRS',58973,'2017-08-23',12.83,15639526);
INSERT INTO transactions(card_10digit,cust_id,product_code,transaction_ID,transaction_Date,transaction_amount,merchant_ID) VALUES (1111111137,31,'EFG',58898,'2020-12-03',829.16,15639529);
INSERT INTO transactions(card_10digit,cust_id,product_code,transaction_ID,transaction_Date,transaction_amount,merchant_ID) VALUES (1111111132,66,'EFG',58883,'2020-10-16',234.38,15639531);
INSERT INTO transactions(card_10digit,cust_id,product_code,transaction_ID,transaction_Date,transaction_amount,merchant_ID) VALUES (1111111251,3,'EFG',58773,'2017-08-14',701.69,15639532);
INSERT INTO transactions(card_10digit,cust_id,product_code,transaction_ID,transaction_Date,transaction_amount,merchant_ID) VALUES (1111111164,11,'EFG',58753,'2021-01-02',394.56,15639537);
INSERT INTO transactions(card_10digit,cust_id,product_code,transaction_ID,transaction_Date,transaction_amount,merchant_ID) VALUES (1111111175,83,'EFG',58644,'2016-09-12',557.88,15639540);
INSERT INTO transactions(card_10digit,cust_id,product_code,transaction_ID,transaction_Date,transaction_amount,merchant_ID) VALUES (1111111139,86,'QRS',59061,'2018-08-14',520.49,15639545);
INSERT INTO transactions(card_10digit,cust_id,product_code,transaction_ID,transaction_Date,transaction_amount,merchant_ID) VALUES (1111111140,15,'MNO',58602,'2021-07-15',847.44,15639556);
INSERT INTO transactions(card_10digit,cust_id,product_code,transaction_ID,transaction_Date,transaction_amount,merchant_ID) VALUES (1111111150,78,'ABC',58940,'2016-09-17',212.56,15639565);
INSERT INTO transactions(card_10digit,cust_id,product_code,transaction_ID,transaction_Date,transaction_amount,merchant_ID) VALUES (1111111144,70,'QRS',58899,'2017-03-28',71.57,15639567);
INSERT INTO transactions(card_10digit,cust_id,product_code,transaction_ID,transaction_Date,transaction_amount,merchant_ID) VALUES (1111111144,70,'QRS',58599,'2018-02-27',136.47,15639572);
INSERT INTO transactions(card_10digit,cust_id,product_code,transaction_ID,transaction_Date,transaction_amount,merchant_ID) VALUES (1111111137,31,'EFG',58944,'2016-12-27',816.37,15639574);
INSERT INTO transactions(card_10digit,cust_id,product_code,transaction_ID,transaction_Date,transaction_amount,merchant_ID) VALUES (1111111197,55,'EFG',59017,'2019-09-30',623.52,15639576);
INSERT INTO transactions(card_10digit,cust_id,product_code,transaction_ID,transaction_Date,transaction_amount,merchant_ID) VALUES (1111111157,38,'ABC',58918,'2019-12-28',633.37,15639579);
INSERT INTO transactions(card_10digit,cust_id,product_code,transaction_ID,transaction_Date,transaction_amount,merchant_ID) VALUES (1111111161,40,'EFG',58693,'2018-03-15',602.89,15639580);
INSERT INTO transactions(card_10digit,cust_id,product_code,transaction_ID,transaction_Date,transaction_amount,merchant_ID) VALUES (1111111161,40,'EFG',58978,'2020-02-22',500.45,15639583);
INSERT INTO transactions(card_10digit,cust_id,product_code,transaction_ID,transaction_Date,transaction_amount,merchant_ID) VALUES (1111111124,85,'UVW',58710,'2018-01-17',963.86,15639593);
INSERT INTO transactions(card_10digit,cust_id,product_code,transaction_ID,transaction_Date,transaction_amount,merchant_ID) VALUES (1111111198,58,'IJK',58592,'2018-10-13',118.1,15639594);
INSERT INTO transactions(card_10digit,cust_id,product_code,transaction_ID,transaction_Date,transaction_amount,merchant_ID) VALUES (1111111143,66,'ABC',58571,'2021-08-11',387.57,15639596);
INSERT INTO transactions(card_10digit,cust_id,product_code,transaction_ID,transaction_Date,transaction_amount,merchant_ID) VALUES (1111111193,7,'MNO',58679,'2017-10-12',582.74,15639597);
INSERT INTO transactions(card_10digit,cust_id,product_code,transaction_ID,transaction_Date,transaction_amount,merchant_ID) VALUES (1111111195,98,'MNO',58988,'2016-06-23',654.5,15639604);
INSERT INTO transactions(card_10digit,cust_id,product_code,transaction_ID,transaction_Date,transaction_amount,merchant_ID) VALUES (1111111140,15,'MNO',58663,'2017-11-02',420.2,15639605);
INSERT INTO transactions(card_10digit,cust_id,product_code,transaction_ID,transaction_Date,transaction_amount,merchant_ID) VALUES (1111111166,48,'MNO',58799,'2019-04-28',396.94,15639607);
INSERT INTO transactions(card_10digit,cust_id,product_code,transaction_ID,transaction_Date,transaction_amount,merchant_ID) VALUES (1111111150,78,'ABC',58892,'2018-06-03',211.45,15639612);
INSERT INTO transactions(card_10digit,cust_id,product_code,transaction_ID,transaction_Date,transaction_amount,merchant_ID) VALUES (1111111172,99,'EFG',58962,'2021-05-21',12.19,15639615);
INSERT INTO transactions(card_10digit,cust_id,product_code,transaction_ID,transaction_Date,transaction_amount,merchant_ID) VALUES (1111111159,27,'EFG',58970,'2021-10-14',501.95,15639616);
INSERT INTO transactions(card_10digit,cust_id,product_code,transaction_ID,transaction_Date,transaction_amount,merchant_ID) VALUES (1111111150,78,'ABC',59043,'2020-06-10',104.87,15639621);
INSERT INTO transactions(card_10digit,cust_id,product_code,transaction_ID,transaction_Date,transaction_amount,merchant_ID) VALUES (1111111181,57,'QRS',58637,'2016-07-20',38,15639623);
INSERT INTO transactions(card_10digit,cust_id,product_code,transaction_ID,transaction_Date,transaction_amount,merchant_ID) VALUES (1111111161,40,'EFG',58954,'2021-04-04',517.55,15639626);
INSERT INTO transactions(card_10digit,cust_id,product_code,transaction_ID,transaction_Date,transaction_amount,merchant_ID) VALUES (1111111157,38,'ABC',58915,'2019-02-19',333.06,15639631);
INSERT INTO transactions(card_10digit,cust_id,product_code,transaction_ID,transaction_Date,transaction_amount,merchant_ID) VALUES (1111111113,98,'QRS',58976,'2016-06-13',42.63,15639636);
INSERT INTO transactions(card_10digit,cust_id,product_code,transaction_ID,transaction_Date,transaction_amount,merchant_ID) VALUES (1111111170,45,'EFG',58622,'2017-07-04',765.04,15639640);
INSERT INTO transactions(card_10digit,cust_id,product_code,transaction_ID,transaction_Date,transaction_amount,merchant_ID) VALUES (1111111194,46,'QRS',58849,'2020-06-21',540.98,15639652);
INSERT INTO transactions(card_10digit,cust_id,product_code,transaction_ID,transaction_Date,transaction_amount,merchant_ID) VALUES (1111111158,29,'QRS',58593,'2018-03-16',686.86,15639657);
INSERT INTO transactions(card_10digit,cust_id,product_code,transaction_ID,transaction_Date,transaction_amount,merchant_ID) VALUES (1111111163,41,'MNO',58946,'2020-11-24',411.58,15639662);
INSERT INTO transactions(card_10digit,cust_id,product_code,transaction_ID,transaction_Date,transaction_amount,merchant_ID) VALUES (1111111127,12,'ABC',59052,'2017-06-10',925.68,15639665);
INSERT INTO transactions(card_10digit,cust_id,product_code,transaction_ID,transaction_Date,transaction_amount,merchant_ID) VALUES (1111111142,45,'XYZ',59053,'2017-11-21',724.27,15639667);
INSERT INTO transactions(card_10digit,cust_id,product_code,transaction_ID,transaction_Date,transaction_amount,merchant_ID) VALUES (1111111138,68,'QRS',58685,'2018-11-09',588.69,15639677);
INSERT INTO transactions(card_10digit,cust_id,product_code,transaction_ID,transaction_Date,transaction_amount,merchant_ID) VALUES (1111111297,1,'MNO',58640,'2017-09-20',135.53,15639679);
INSERT INTO transactions(card_10digit,cust_id,product_code,transaction_ID,transaction_Date,transaction_amount,merchant_ID) VALUES (1111111169,53,'IJK',58752,'2021-04-13',925.01,15639483);
INSERT INTO transactions(card_10digit,cust_id,product_code,transaction_ID,transaction_Date,transaction_amount,merchant_ID) VALUES (1111111123,68,'UVW',58651,'2017-01-06',556.11,15639486);
INSERT INTO transactions(card_10digit,cust_id,product_code,transaction_ID,transaction_Date,transaction_amount,merchant_ID) VALUES (1111111136,92,'EFG',58608,'2020-03-12',394.85,15639488);
INSERT INTO transactions(card_10digit,cust_id,product_code,transaction_ID,transaction_Date,transaction_amount,merchant_ID) VALUES (1111111188,18,'UVW',58588,'2019-10-12',944.38,15639490);
INSERT INTO transactions(card_10digit,cust_id,product_code,transaction_ID,transaction_Date,transaction_amount,merchant_ID) VALUES (1111111123,68,'UVW',58642,'2019-11-30',484.28,15639492);
INSERT INTO transactions(card_10digit,cust_id,product_code,transaction_ID,transaction_Date,transaction_amount,merchant_ID) VALUES (1111111154,19,'EFG',58873,'2019-12-12',867.96,15639494);
INSERT INTO transactions(card_10digit,cust_id,product_code,transaction_ID,transaction_Date,transaction_amount,merchant_ID) VALUES (1111111152,19,'IJK',58742,'2021-01-15',958.24,15639496);
INSERT INTO transactions(card_10digit,cust_id,product_code,transaction_ID,transaction_Date,transaction_amount,merchant_ID) VALUES (1111111161,40,'EFG',59016,'2019-02-18',506.7,15639507);
INSERT INTO transactions(card_10digit,cust_id,product_code,transaction_ID,transaction_Date,transaction_amount,merchant_ID) VALUES (1111111192,76,'IJK',58702,'2020-05-30',168.48,15639509);
INSERT INTO transactions(card_10digit,cust_id,product_code,transaction_ID,transaction_Date,transaction_amount,merchant_ID) VALUES (1111111120,35,'IJK',58781,'2018-05-14',539.3,15639514);
INSERT INTO transactions(card_10digit,cust_id,product_code,transaction_ID,transaction_Date,transaction_amount,merchant_ID) VALUES (1111111196,58,'ABC',59035,'2019-10-27',361.29,15639523);
INSERT INTO transactions(card_10digit,cust_id,product_code,transaction_ID,transaction_Date,transaction_amount,merchant_ID) VALUES (1111111185,21,'QRS',58867,'2020-05-14',389.54,15639526);
INSERT INTO transactions(card_10digit,cust_id,product_code,transaction_ID,transaction_Date,transaction_amount,merchant_ID) VALUES (1111111151,87,'QRS',58823,'2016-12-26',557.48,15639529);
INSERT INTO transactions(card_10digit,cust_id,product_code,transaction_ID,transaction_Date,transaction_amount,merchant_ID) VALUES (1111111141,33,'IJK',58736,'2016-12-14',425.08,15639531);
INSERT INTO transactions(card_10digit,cust_id,product_code,transaction_ID,transaction_Date,transaction_amount,merchant_ID) VALUES (1111111134,88,'IJK',58787,'2016-10-13',25.18,15639532);
INSERT INTO transactions(card_10digit,cust_id,product_code,transaction_ID,transaction_Date,transaction_amount,merchant_ID) VALUES (1111111161,40,'EFG',58632,'2020-04-20',957.79,15639537);
INSERT INTO transactions(card_10digit,cust_id,product_code,transaction_ID,transaction_Date,transaction_amount,merchant_ID) VALUES (1111111188,18,'UVW',58916,'2017-02-19',510.03,15639540);
INSERT INTO transactions(card_10digit,cust_id,product_code,transaction_ID,transaction_Date,transaction_amount,merchant_ID) VALUES (1111111189,66,'QRS',58982,'2020-03-06',451.94,15639545);
INSERT INTO transactions(card_10digit,cust_id,product_code,transaction_ID,transaction_Date,transaction_amount,merchant_ID) VALUES (1111111136,92,'EFG',58878,'2020-02-16',503.36,15639556);
INSERT INTO transactions(card_10digit,cust_id,product_code,transaction_ID,transaction_Date,transaction_amount,merchant_ID) VALUES (1111111129,55,'MNO',58987,'2019-04-20',173.95,15639565);
INSERT INTO transactions(card_10digit,cust_id,product_code,transaction_ID,transaction_Date,transaction_amount,merchant_ID) VALUES (1111111152,19,'IJK',58956,'2018-09-18',190.16,15639567);
INSERT INTO transactions(card_10digit,cust_id,product_code,transaction_ID,transaction_Date,transaction_amount,merchant_ID) VALUES (1111111137,31,'EFG',58741,'2019-03-09',595.84,15639572);
INSERT INTO transactions(card_10digit,cust_id,product_code,transaction_ID,transaction_Date,transaction_amount,merchant_ID) VALUES (1111111195,98,'MNO',58563,'2017-08-24',196.99,15639574);
INSERT INTO transactions(card_10digit,cust_id,product_code,transaction_ID,transaction_Date,transaction_amount,merchant_ID) VALUES (1111111132,66,'EFG',58678,'2017-12-12',361.74,15639576);
INSERT INTO transactions(card_10digit,cust_id,product_code,transaction_ID,transaction_Date,transaction_amount,merchant_ID) VALUES (1111111176,12,'IJK',58734,'2019-06-02',792.37,15639579);
INSERT INTO transactions(card_10digit,cust_id,product_code,transaction_ID,transaction_Date,transaction_amount,merchant_ID) VALUES (1111111163,41,'MNO',58830,'2018-06-02',567.53,15639580);
INSERT INTO transactions(card_10digit,cust_id,product_code,transaction_ID,transaction_Date,transaction_amount,merchant_ID) VALUES (1111111180,86,'ABC',58881,'2018-12-11',934.72,15639583);
INSERT INTO transactions(card_10digit,cust_id,product_code,transaction_ID,transaction_Date,transaction_amount,merchant_ID) VALUES (1111111132,66,'EFG',58907,'2020-05-04',213.26,15639593);
INSERT INTO transactions(card_10digit,cust_id,product_code,transaction_ID,transaction_Date,transaction_amount,merchant_ID) VALUES (1111111179,92,'ABC',59021,'2021-04-29',454.06,15639594);
INSERT INTO transactions(card_10digit,cust_id,product_code,transaction_ID,transaction_Date,transaction_amount,merchant_ID) VALUES (1111111191,68,'EFG',58777,'2016-07-25',993.86,15639596);
INSERT INTO transactions(card_10digit,cust_id,product_code,transaction_ID,transaction_Date,transaction_amount,merchant_ID) VALUES (1111111172,99,'EFG',58834,'2020-01-24',527.74,15639597);
INSERT INTO transactions(card_10digit,cust_id,product_code,transaction_ID,transaction_Date,transaction_amount,merchant_ID) VALUES (1111111173,40,'IJK',58660,'2021-02-24',804.12,15639604);
INSERT INTO transactions(card_10digit,cust_id,product_code,transaction_ID,transaction_Date,transaction_amount,merchant_ID) VALUES (1111111155,19,'UVW',58894,'2018-10-15',845.79,15639605);
INSERT INTO transactions(card_10digit,cust_id,product_code,transaction_ID,transaction_Date,transaction_amount,merchant_ID) VALUES (1111111142,45,'XYZ',58570,'2016-11-02',869.04,15639607);
INSERT INTO transactions(card_10digit,cust_id,product_code,transaction_ID,transaction_Date,transaction_amount,merchant_ID) VALUES (1111111117,93,'QRS',59010,'2016-07-07',607.84,15639612);
INSERT INTO transactions(card_10digit,cust_id,product_code,transaction_ID,transaction_Date,transaction_amount,merchant_ID) VALUES (1111111145,93,'ABC',59000,'2018-04-04',499.67,15639615);
INSERT INTO transactions(card_10digit,cust_id,product_code,transaction_ID,transaction_Date,transaction_amount,merchant_ID) VALUES (1111111177,13,'MNO',58671,'2020-06-01',487.57,15639616);
INSERT INTO transactions(card_10digit,cust_id,product_code,transaction_ID,transaction_Date,transaction_amount,merchant_ID) VALUES (1111111163,41,'MNO',58998,'2020-07-01',101.22,15639621);
INSERT INTO transactions(card_10digit,cust_id,product_code,transaction_ID,transaction_Date,transaction_amount,merchant_ID) VALUES (1111111131,5,'QRS',58825,'2021-05-17',343.25,15639623);
INSERT INTO transactions(card_10digit,cust_id,product_code,transaction_ID,transaction_Date,transaction_amount,merchant_ID) VALUES (1111111163,41,'MNO',58816,'2021-09-21',570.03,15639626);
INSERT INTO transactions(card_10digit,cust_id,product_code,transaction_ID,transaction_Date,transaction_amount,merchant_ID) VALUES (1111111177,13,'MNO',58656,'2018-02-06',737.83,15639631);
INSERT INTO transactions(card_10digit,cust_id,product_code,transaction_ID,transaction_Date,transaction_amount,merchant_ID) VALUES (1111111156,71,'IJK',58851,'2017-05-20',120.87,15639636);
INSERT INTO transactions(card_10digit,cust_id,product_code,transaction_ID,transaction_Date,transaction_amount,merchant_ID) VALUES (1111111198,58,'IJK',58942,'2021-06-08',814.32,15639640);
INSERT INTO transactions(card_10digit,cust_id,product_code,transaction_ID,transaction_Date,transaction_amount,merchant_ID) VALUES (1111111148,42,'QRS',59029,'2019-10-27',587.77,15639652);
INSERT INTO transactions(card_10digit,cust_id,product_code,transaction_ID,transaction_Date,transaction_amount,merchant_ID) VALUES (1111111164,11,'EFG',58669,'2016-08-10',337.7,15639657);
INSERT INTO transactions(card_10digit,cust_id,product_code,transaction_ID,transaction_Date,transaction_amount,merchant_ID) VALUES (1111111195,98,'MNO',58791,'2017-04-02',491.16,15639662);
INSERT INTO transactions(card_10digit,cust_id,product_code,transaction_ID,transaction_Date,transaction_amount,merchant_ID) VALUES (1111111156,71,'IJK',58955,'2020-05-11',158.29,15639665);
INSERT INTO transactions(card_10digit,cust_id,product_code,transaction_ID,transaction_Date,transaction_amount,merchant_ID) VALUES (1111111121,64,'ABC',58667,'2020-05-28',214.83,15639667);
INSERT INTO transactions(card_10digit,cust_id,product_code,transaction_ID,transaction_Date,transaction_amount,merchant_ID) VALUES (1111111192,76,'IJK',58613,'2018-07-16',916.39,15639677);
INSERT INTO transactions(card_10digit,cust_id,product_code,transaction_ID,transaction_Date,transaction_amount,merchant_ID) VALUES (1111111142,45,'XYZ',58847,'2018-07-28',954.32,15639679);
INSERT INTO transactions(card_10digit,cust_id,product_code,transaction_ID,transaction_Date,transaction_amount,merchant_ID) VALUES (1111111127,12,'ABC',58639,'2019-04-17',563.02,15639483);
INSERT INTO transactions(card_10digit,cust_id,product_code,transaction_ID,transaction_Date,transaction_amount,merchant_ID) VALUES (1111111132,66,'EFG',58948,'2016-11-20',628.45,15639486);
INSERT INTO transactions(card_10digit,cust_id,product_code,transaction_ID,transaction_Date,transaction_amount,merchant_ID) VALUES (1111111137,31,'EFG',58811,'2019-05-22',989.69,15639488);
INSERT INTO transactions(card_10digit,cust_id,product_code,transaction_ID,transaction_Date,transaction_amount,merchant_ID) VALUES (1111111199,80,'IJK',58975,'2016-11-05',59.05,15639490);
INSERT INTO transactions(card_10digit,cust_id,product_code,transaction_ID,transaction_Date,transaction_amount,merchant_ID) VALUES (1111111195,98,'MNO',58657,'2020-03-05',286.64,15639492);
INSERT INTO transactions(card_10digit,cust_id,product_code,transaction_ID,transaction_Date,transaction_amount,merchant_ID) VALUES (1111111134,88,'IJK',58999,'2017-05-14',959.27,15639494);
INSERT INTO transactions(card_10digit,cust_id,product_code,transaction_ID,transaction_Date,transaction_amount,merchant_ID) VALUES (1111111173,40,'IJK',58730,'2016-11-01',322.27,15639496);
INSERT INTO transactions(card_10digit,cust_id,product_code,transaction_ID,transaction_Date,transaction_amount,merchant_ID) VALUES (1111111133,30,'IJK',58758,'2019-09-05',978.05,15639507);
INSERT INTO transactions(card_10digit,cust_id,product_code,transaction_ID,transaction_Date,transaction_amount,merchant_ID) VALUES (1111111140,15,'MNO',58929,'2018-08-21',403.48,15639509);
INSERT INTO transactions(card_10digit,cust_id,product_code,transaction_ID,transaction_Date,transaction_amount,merchant_ID) VALUES (1111111297,1,'MNO',58646,'2016-10-20',553.6,15639514);
INSERT INTO transactions(card_10digit,cust_id,product_code,transaction_ID,transaction_Date,transaction_amount,merchant_ID) VALUES (1111111185,21,'QRS',59005,'2019-04-16',934.37,15639523);
INSERT INTO transactions(card_10digit,cust_id,product_code,transaction_ID,transaction_Date,transaction_amount,merchant_ID) VALUES (1111111197,55,'EFG',58981,'2017-01-28',642.34,15639526);
INSERT INTO transactions(card_10digit,cust_id,product_code,transaction_ID,transaction_Date,transaction_amount,merchant_ID) VALUES (1111111154,19,'EFG',58628,'2019-04-27',548.15,15639529);
INSERT INTO transactions(card_10digit,cust_id,product_code,transaction_ID,transaction_Date,transaction_amount,merchant_ID) VALUES (1111111165,32,'IJK',58897,'2019-06-21',923.82,15639531);
INSERT INTO transactions(card_10digit,cust_id,product_code,transaction_ID,transaction_Date,transaction_amount,merchant_ID) VALUES (1111111122,56,'UVW',58696,'2018-05-06',182.85,15639532);
INSERT INTO transactions(card_10digit,cust_id,product_code,transaction_ID,transaction_Date,transaction_amount,merchant_ID) VALUES (1111111158,29,'QRS',58670,'2018-05-10',326.13,15639537);
INSERT INTO transactions(card_10digit,cust_id,product_code,transaction_ID,transaction_Date,transaction_amount,merchant_ID) VALUES (1111111151,87,'QRS',58986,'2018-06-14',628.85,15639540);
INSERT INTO transactions(card_10digit,cust_id,product_code,transaction_ID,transaction_Date,transaction_amount,merchant_ID) VALUES (1111111138,68,'QRS',59025,'2020-02-05',774.84,15639545);
INSERT INTO transactions(card_10digit,cust_id,product_code,transaction_ID,transaction_Date,transaction_amount,merchant_ID) VALUES (1111111254,5,'EFG',58683,'2020-05-20',201.83,15639556);
INSERT INTO transactions(card_10digit,cust_id,product_code,transaction_ID,transaction_Date,transaction_amount,merchant_ID) VALUES (1111111135,98,'UVW',58796,'2017-09-10',619.25,15639565);
INSERT INTO transactions(card_10digit,cust_id,product_code,transaction_ID,transaction_Date,transaction_amount,merchant_ID) VALUES (1111111172,99,'EFG',58869,'2019-12-11',792.51,15639567);
INSERT INTO transactions(card_10digit,cust_id,product_code,transaction_ID,transaction_Date,transaction_amount,merchant_ID) VALUES (1111111262,7,'EFG',58812,'2020-03-17',283.16,15639572);
INSERT INTO transactions(card_10digit,cust_id,product_code,transaction_ID,transaction_Date,transaction_amount,merchant_ID) VALUES (1111111149,80,'QRS',58627,'2021-02-16',415.83,15639574);
INSERT INTO transactions(card_10digit,cust_id,product_code,transaction_ID,transaction_Date,transaction_amount,merchant_ID) VALUES (1111111150,78,'ABC',58885,'2019-12-14',954.46,15639576);
INSERT INTO transactions(card_10digit,cust_id,product_code,transaction_ID,transaction_Date,transaction_amount,merchant_ID) VALUES (1111111156,71,'IJK',58745,'2019-10-25',230.66,15639579);
INSERT INTO transactions(card_10digit,cust_id,product_code,transaction_ID,transaction_Date,transaction_amount,merchant_ID) VALUES (1111111125,27,'UVW',58989,'2019-11-25',178.88,15639580);
INSERT INTO transactions(card_10digit,cust_id,product_code,transaction_ID,transaction_Date,transaction_amount,merchant_ID) VALUES (1111111126,69,'MNO',58870,'2017-06-16',713.63,15639583);
INSERT INTO transactions(card_10digit,cust_id,product_code,transaction_ID,transaction_Date,transaction_amount,merchant_ID) VALUES (1111111196,58,'ABC',58934,'2017-08-06',741.35,15639593);
INSERT INTO transactions(card_10digit,cust_id,product_code,transaction_ID,transaction_Date,transaction_amount,merchant_ID) VALUES (1111111195,98,'MNO',58762,'2021-07-15',729.7,15639594);
INSERT INTO transactions(card_10digit,cust_id,product_code,transaction_ID,transaction_Date,transaction_amount,merchant_ID) VALUES (1111111166,48,'MNO',58675,'2017-12-04',509.71,15639596);
INSERT INTO transactions(card_10digit,cust_id,product_code,transaction_ID,transaction_Date,transaction_amount,merchant_ID) VALUES (1111111171,2,'MNO',58817,'2020-04-26',175,15639597);
INSERT INTO transactions(card_10digit,cust_id,product_code,transaction_ID,transaction_Date,transaction_amount,merchant_ID) VALUES (1111111190,81,'IJK',58928,'2021-02-23',197.25,15639604);
INSERT INTO transactions(card_10digit,cust_id,product_code,transaction_ID,transaction_Date,transaction_amount,merchant_ID) VALUES (1111111120,35,'IJK',58839,'2018-07-29',339.01,15639605);
INSERT INTO transactions(card_10digit,cust_id,product_code,transaction_ID,transaction_Date,transaction_amount,merchant_ID) VALUES (1111111134,88,'IJK',58579,'2019-04-27',305.7,15639607);
INSERT INTO transactions(card_10digit,cust_id,product_code,transaction_ID,transaction_Date,transaction_amount,merchant_ID) VALUES (1111111128,36,'QRS',58886,'2020-06-09',457.46,15639612);
INSERT INTO transactions(card_10digit,cust_id,product_code,transaction_ID,transaction_Date,transaction_amount,merchant_ID) VALUES (1111111162,7,'QRS',58655,'2021-07-26',900.78,15639615);
INSERT INTO transactions(card_10digit,cust_id,product_code,transaction_ID,transaction_Date,transaction_amount,merchant_ID) VALUES (1111111182,34,'QRS',58620,'2021-10-24',220.54,15639616);
INSERT INTO transactions(card_10digit,cust_id,product_code,transaction_ID,transaction_Date,transaction_amount,merchant_ID) VALUES (1111111133,30,'IJK',59038,'2018-09-18',810.22,15639621);
INSERT INTO transactions(card_10digit,cust_id,product_code,transaction_ID,transaction_Date,transaction_amount,merchant_ID) VALUES (1111111179,92,'ABC',58673,'2018-04-21',128.24,15639623);
INSERT INTO transactions(card_10digit,cust_id,product_code,transaction_ID,transaction_Date,transaction_amount,merchant_ID) VALUES (1111111174,8,'XYZ',58882,'2017-08-19',901.81,15639626);
INSERT INTO transactions(card_10digit,cust_id,product_code,transaction_ID,transaction_Date,transaction_amount,merchant_ID) VALUES (1111111193,7,'MNO',58605,'2017-10-24',348.28,15639631);
INSERT INTO transactions(card_10digit,cust_id,product_code,transaction_ID,transaction_Date,transaction_amount,merchant_ID) VALUES (1111111169,53,'IJK',58643,'2020-02-16',420.65,15639636);
INSERT INTO transactions(card_10digit,cust_id,product_code,transaction_ID,transaction_Date,transaction_amount,merchant_ID) VALUES (1111111194,46,'QRS',58701,'2021-08-18',870.92,15639640);
INSERT INTO transactions(card_10digit,cust_id,product_code,transaction_ID,transaction_Date,transaction_amount,merchant_ID) VALUES (1111111139,86,'QRS',58727,'2021-10-28',207.05,15639652);
INSERT INTO transactions(card_10digit,cust_id,product_code,transaction_ID,transaction_Date,transaction_amount,merchant_ID) VALUES (1111111115,40,'MNO',58699,'2018-04-03',393.61,15639657);
INSERT INTO transactions(card_10digit,cust_id,product_code,transaction_ID,transaction_Date,transaction_amount,merchant_ID) VALUES (1111111137,31,'EFG',58990,'2017-08-22',90.63,15639662);
INSERT INTO transactions(card_10digit,cust_id,product_code,transaction_ID,transaction_Date,transaction_amount,merchant_ID) VALUES (1111111120,35,'IJK',58805,'2016-11-05',557.14,15639665);
INSERT INTO transactions(card_10digit,cust_id,product_code,transaction_ID,transaction_Date,transaction_amount,merchant_ID) VALUES (1111111118,93,'MNO',59004,'2016-06-10',175.91,15639667);
INSERT INTO transactions(card_10digit,cust_id,product_code,transaction_ID,transaction_Date,transaction_amount,merchant_ID) VALUES (1111111137,31,'EFG',59019,'2018-08-15',191.32,15639677);
INSERT INTO transactions(card_10digit,cust_id,product_code,transaction_ID,transaction_Date,transaction_amount,merchant_ID) VALUES (1111111148,42,'QRS',58750,'2021-10-14',916.06,15639679);
INSERT INTO transactions(card_10digit,cust_id,product_code,transaction_ID,transaction_Date,transaction_amount,merchant_ID) VALUES (1111111171,2,'MNO',58641,'2020-07-27',752.36,15639483);
INSERT INTO transactions(card_10digit,cust_id,product_code,transaction_ID,transaction_Date,transaction_amount,merchant_ID) VALUES (1111111143,66,'ABC',58951,'2020-11-28',59.44,15639486);
INSERT INTO transactions(card_10digit,cust_id,product_code,transaction_ID,transaction_Date,transaction_amount,merchant_ID) VALUES (1111111155,19,'UVW',59027,'2017-04-02',733.35,15639488);
INSERT INTO transactions(card_10digit,cust_id,product_code,transaction_ID,transaction_Date,transaction_amount,merchant_ID) VALUES (1111111157,38,'ABC',58775,'2019-02-17',202.05,15639490);
INSERT INTO transactions(card_10digit,cust_id,product_code,transaction_ID,transaction_Date,transaction_amount,merchant_ID) VALUES (1111111113,98,'QRS',59008,'2016-12-17',907.42,15639492);
INSERT INTO transactions(card_10digit,cust_id,product_code,transaction_ID,transaction_Date,transaction_amount,merchant_ID) VALUES (1111111198,58,'IJK',58583,'2020-08-10',446.17,15639494);
INSERT INTO transactions(card_10digit,cust_id,product_code,transaction_ID,transaction_Date,transaction_amount,merchant_ID) VALUES (1111111127,12,'ABC',58871,'2016-12-17',104.15,15639496);
INSERT INTO transactions(card_10digit,cust_id,product_code,transaction_ID,transaction_Date,transaction_amount,merchant_ID) VALUES (1111111125,27,'UVW',58920,'2019-06-04',925.19,15639507);
INSERT INTO transactions(card_10digit,cust_id,product_code,transaction_ID,transaction_Date,transaction_amount,merchant_ID) VALUES (1111111140,15,'MNO',58913,'2020-10-09',367.48,15639509);
INSERT INTO transactions(card_10digit,cust_id,product_code,transaction_ID,transaction_Date,transaction_amount,merchant_ID) VALUES (1111111174,8,'XYZ',58690,'2021-05-09',986.77,15639514);
INSERT INTO transactions(card_10digit,cust_id,product_code,transaction_ID,transaction_Date,transaction_amount,merchant_ID) VALUES (1111111113,98,'QRS',58689,'2020-10-19',637.12,15639523);
INSERT INTO transactions(card_10digit,cust_id,product_code,transaction_ID,transaction_Date,transaction_amount,merchant_ID) VALUES (1111111136,92,'EFG',59040,'2017-07-13',772.76,15639526);
INSERT INTO transactions(card_10digit,cust_id,product_code,transaction_ID,transaction_Date,transaction_amount,merchant_ID) VALUES (1111111203,8,'EFG',58793,'2018-10-03',105.57,15639529);
INSERT INTO transactions(card_10digit,cust_id,product_code,transaction_ID,transaction_Date,transaction_amount,merchant_ID) VALUES (1111111145,93,'ABC',58888,'2020-11-12',422.52,15639531);
INSERT INTO transactions(card_10digit,cust_id,product_code,transaction_ID,transaction_Date,transaction_amount,merchant_ID) VALUES (1111111139,86,'QRS',58718,'2016-10-29',419.23,15639532);
INSERT INTO transactions(card_10digit,cust_id,product_code,transaction_ID,transaction_Date,transaction_amount,merchant_ID) VALUES (1111111142,45,'XYZ',58995,'2020-02-18',161.29,15639537);
INSERT INTO transactions(card_10digit,cust_id,product_code,transaction_ID,transaction_Date,transaction_amount,merchant_ID) VALUES (1111111152,19,'IJK',58587,'2021-01-02',365.22,15639540);
INSERT INTO transactions(card_10digit,cust_id,product_code,transaction_ID,transaction_Date,transaction_amount,merchant_ID) VALUES (1111111114,77,'MNO',58726,'2019-03-01',22.38,15639545);
INSERT INTO transactions(card_10digit,cust_id,product_code,transaction_ID,transaction_Date,transaction_amount,merchant_ID) VALUES (1111111168,23,'MNO',58836,'2016-07-12',467.68,15639556);
INSERT INTO transactions(card_10digit,cust_id,product_code,transaction_ID,transaction_Date,transaction_amount,merchant_ID) VALUES (1111111170,45,'EFG',58919,'2019-08-22',397.27,15639565);
INSERT INTO transactions(card_10digit,cust_id,product_code,transaction_ID,transaction_Date,transaction_amount,merchant_ID) VALUES (1111111195,98,'MNO',58567,'2019-01-09',574.18,15639567);
INSERT INTO transactions(card_10digit,cust_id,product_code,transaction_ID,transaction_Date,transaction_amount,merchant_ID) VALUES (1111111200,56,'ABC',58868,'2019-02-16',812.27,15639572);
INSERT INTO transactions(card_10digit,cust_id,product_code,transaction_ID,transaction_Date,transaction_amount,merchant_ID) VALUES (1111111120,35,'IJK',59002,'2016-08-29',896.51,15639574);
INSERT INTO transactions(card_10digit,cust_id,product_code,transaction_ID,transaction_Date,transaction_amount,merchant_ID) VALUES (1111111130,18,'XYZ',58852,'2021-02-21',182.11,15639576);
INSERT INTO transactions(card_10digit,cust_id,product_code,transaction_ID,transaction_Date,transaction_amount,merchant_ID) VALUES (1111111200,56,'ABC',58769,'2017-04-26',105.49,15639579);
INSERT INTO transactions(card_10digit,cust_id,product_code,transaction_ID,transaction_Date,transaction_amount,merchant_ID) VALUES (1111111197,55,'EFG',58795,'2021-08-07',156.82,15639580);
INSERT INTO transactions(card_10digit,cust_id,product_code,transaction_ID,transaction_Date,transaction_amount,merchant_ID) VALUES (1111111122,56,'UVW',58585,'2020-11-12',683.74,15639583);
INSERT INTO transactions(card_10digit,cust_id,product_code,transaction_ID,transaction_Date,transaction_amount,merchant_ID) VALUES (1111111133,30,'IJK',58716,'2021-01-10',71.23,15639593);
INSERT INTO transactions(card_10digit,cust_id,product_code,transaction_ID,transaction_Date,transaction_amount,merchant_ID) VALUES (1111111143,66,'ABC',58677,'2019-11-10',303.34,15639594);
INSERT INTO transactions(card_10digit,cust_id,product_code,transaction_ID,transaction_Date,transaction_amount,merchant_ID) VALUES (1111111125,27,'UVW',59054,'2017-06-01',98.51,15639596);
INSERT INTO transactions(card_10digit,cust_id,product_code,transaction_ID,transaction_Date,transaction_amount,merchant_ID) VALUES (1111111131,5,'QRS',58994,'2018-03-29',139.91,15639597);
INSERT INTO transactions(card_10digit,cust_id,product_code,transaction_ID,transaction_Date,transaction_amount,merchant_ID) VALUES (1111111195,98,'MNO',58887,'2017-03-08',88.16,15639604);
INSERT INTO transactions(card_10digit,cust_id,product_code,transaction_ID,transaction_Date,transaction_amount,merchant_ID) VALUES (1111111116,48,'ABC',59060,'2020-08-15',57.14,15639605);
INSERT INTO transactions(card_10digit,cust_id,product_code,transaction_ID,transaction_Date,transaction_amount,merchant_ID) VALUES (1111111222,9,'MNO',58774,'2020-12-20',537.57,15639607);
INSERT INTO transactions(card_10digit,cust_id,product_code,transaction_ID,transaction_Date,transaction_amount,merchant_ID) VALUES (1111111155,19,'UVW',58623,'2018-08-18',789.17,15639612);
INSERT INTO transactions(card_10digit,cust_id,product_code,transaction_ID,transaction_Date,transaction_amount,merchant_ID) VALUES (1111111172,99,'EFG',58943,'2019-05-24',920.52,15639615);
INSERT INTO transactions(card_10digit,cust_id,product_code,transaction_ID,transaction_Date,transaction_amount,merchant_ID) VALUES (1111111112,74,'ABC',58687,'2018-02-04',143.75,15639616);
INSERT INTO transactions(card_10digit,cust_id,product_code,transaction_ID,transaction_Date,transaction_amount,merchant_ID) VALUES (1111111138,68,'QRS',58880,'2020-08-22',465.03,15639621);
INSERT INTO transactions(card_10digit,cust_id,product_code,transaction_ID,transaction_Date,transaction_amount,merchant_ID) VALUES (1111111148,42,'QRS',58818,'2018-08-21',255.75,15639623);
INSERT INTO transactions(card_10digit,cust_id,product_code,transaction_ID,transaction_Date,transaction_amount,merchant_ID) VALUES (1111111132,66,'EFG',59028,'2021-02-24',753.88,15639626);
INSERT INTO transactions(card_10digit,cust_id,product_code,transaction_ID,transaction_Date,transaction_amount,merchant_ID) VALUES (1111111196,58,'ABC',58782,'2016-12-23',925.2,15639631);
INSERT INTO transactions(card_10digit,cust_id,product_code,transaction_ID,transaction_Date,transaction_amount,merchant_ID) VALUES (1111111159,27,'EFG',58672,'2018-10-08',355.01,15639636);
INSERT INTO transactions(card_10digit,cust_id,product_code,transaction_ID,transaction_Date,transaction_amount,merchant_ID) VALUES (1111111134,88,'IJK',59058,'2019-07-29',602.94,15639640);
INSERT INTO transactions(card_10digit,cust_id,product_code,transaction_ID,transaction_Date,transaction_amount,merchant_ID) VALUES (1111111193,7,'MNO',58792,'2021-03-19',286.44,15639652);
INSERT INTO transactions(card_10digit,cust_id,product_code,transaction_ID,transaction_Date,transaction_amount,merchant_ID) VALUES (1111111129,55,'MNO',58864,'2018-06-29',444.3,15639657);
INSERT INTO transactions(card_10digit,cust_id,product_code,transaction_ID,transaction_Date,transaction_amount,merchant_ID) VALUES (1111111134,88,'IJK',58633,'2020-07-11',572.43,15639662);
INSERT INTO transactions(card_10digit,cust_id,product_code,transaction_ID,transaction_Date,transaction_amount,merchant_ID) VALUES (1111111115,40,'MNO',58997,'2021-08-27',150.66,15639665);
INSERT INTO transactions(card_10digit,cust_id,product_code,transaction_ID,transaction_Date,transaction_amount,merchant_ID) VALUES (1111111112,74,'ABC',59057,'2021-08-26',209.97,15639667);
INSERT INTO transactions(card_10digit,cust_id,product_code,transaction_ID,transaction_Date,transaction_amount,merchant_ID) VALUES (1111111169,53,'IJK',58926,'2018-10-22',384.01,15639677);
INSERT INTO transactions(card_10digit,cust_id,product_code,transaction_ID,transaction_Date,transaction_amount,merchant_ID) VALUES (1111111141,33,'IJK',59050,'2019-12-17',165.49,15639679);
INSERT INTO transactions(card_10digit,cust_id,product_code,transaction_ID,transaction_Date,transaction_amount,merchant_ID) VALUES (1111111116,48,'ABC',58809,'2017-01-07',362.08,15639483);
INSERT INTO transactions(card_10digit,cust_id,product_code,transaction_ID,transaction_Date,transaction_amount,merchant_ID) VALUES (1111111152,19,'IJK',58572,'2019-03-31',928.34,15639486);
INSERT INTO transactions(card_10digit,cust_id,product_code,transaction_ID,transaction_Date,transaction_amount,merchant_ID) VALUES (1111111153,58,'XYZ',58566,'2016-11-21',859.67,15639488);
INSERT INTO transactions(card_10digit,cust_id,product_code,transaction_ID,transaction_Date,transaction_amount,merchant_ID) VALUES (1111111128,36,'QRS',59014,'2018-10-18',819.87,15639490);
INSERT INTO transactions(card_10digit,cust_id,product_code,transaction_ID,transaction_Date,transaction_amount,merchant_ID) VALUES (1111111173,40,'IJK',58582,'2016-10-30',116.62,15639492);
INSERT INTO transactions(card_10digit,cust_id,product_code,transaction_ID,transaction_Date,transaction_amount,merchant_ID) VALUES (1111111188,18,'UVW',58659,'2017-09-11',397.5,15639494);
INSERT INTO transactions(card_10digit,cust_id,product_code,transaction_ID,transaction_Date,transaction_amount,merchant_ID) VALUES (1111111138,68,'QRS',58695,'2019-10-24',84.92,15639496);
INSERT INTO transactions(card_10digit,cust_id,product_code,transaction_ID,transaction_Date,transaction_amount,merchant_ID) VALUES (1111111255,9,'EFG',58877,'2019-04-03',798.36,15639507);
INSERT INTO transactions(card_10digit,cust_id,product_code,transaction_ID,transaction_Date,transaction_amount,merchant_ID) VALUES (1111111135,98,'UVW',58629,'2016-07-24',672.19,15639509);
INSERT INTO transactions(card_10digit,cust_id,product_code,transaction_ID,transaction_Date,transaction_amount,merchant_ID) VALUES (1111111191,68,'EFG',58638,'2019-11-20',296.09,15639514);
INSERT INTO transactions(card_10digit,cust_id,product_code,transaction_ID,transaction_Date,transaction_amount,merchant_ID) VALUES (1111111200,56,'ABC',58924,'2018-04-20',787.11,15639523);
INSERT INTO transactions(card_10digit,cust_id,product_code,transaction_ID,transaction_Date,transaction_amount,merchant_ID) VALUES (1111111197,55,'EFG',58600,'2017-09-03',407.14,15639526);
INSERT INTO transactions(card_10digit,cust_id,product_code,transaction_ID,transaction_Date,transaction_amount,merchant_ID) VALUES (1111111178,100,'ABC',58705,'2018-05-20',335.49,15639529);
INSERT INTO transactions(card_10digit,cust_id,product_code,transaction_ID,transaction_Date,transaction_amount,merchant_ID) VALUES (1111111138,68,'QRS',58933,'2018-12-28',329.68,15639531);
INSERT INTO transactions(card_10digit,cust_id,product_code,transaction_ID,transaction_Date,transaction_amount,merchant_ID) VALUES (1111111123,68,'UVW',58650,'2016-11-11',299.42,15639532);
INSERT INTO transactions(card_10digit,cust_id,product_code,transaction_ID,transaction_Date,transaction_amount,merchant_ID) VALUES (1111111123,68,'UVW',58619,'2018-11-19',988.24,15639537);
INSERT INTO transactions(card_10digit,cust_id,product_code,transaction_ID,transaction_Date,transaction_amount,merchant_ID) VALUES (1111111141,33,'IJK',58966,'2020-03-02',565.26,15639540);
INSERT INTO transactions(card_10digit,cust_id,product_code,transaction_ID,transaction_Date,transaction_amount,merchant_ID) VALUES (1111111180,86,'ABC',58680,'2017-12-25',340.09,15639545);
INSERT INTO transactions(card_10digit,cust_id,product_code,transaction_ID,transaction_Date,transaction_amount,merchant_ID) VALUES (1111111150,78,'ABC',58766,'2019-10-28',83.43,15639556);
INSERT INTO transactions(card_10digit,cust_id,product_code,transaction_ID,transaction_Date,transaction_amount,merchant_ID) VALUES (1111111172,99,'EFG',58789,'2016-06-02',166.7,15639565);
INSERT INTO transactions(card_10digit,cust_id,product_code,transaction_ID,transaction_Date,transaction_amount,merchant_ID) VALUES (1111111121,64,'ABC',58621,'2019-11-06',67.41,15639567);
INSERT INTO transactions(card_10digit,cust_id,product_code,transaction_ID,transaction_Date,transaction_amount,merchant_ID) VALUES (1111111153,58,'XYZ',58748,'2018-09-30',916.16,15639572);
INSERT INTO transactions(card_10digit,cust_id,product_code,transaction_ID,transaction_Date,transaction_amount,merchant_ID) VALUES (1111111128,36,'QRS',58936,'2018-06-02',188.18,15639574);
INSERT INTO transactions(card_10digit,cust_id,product_code,transaction_ID,transaction_Date,transaction_amount,merchant_ID) VALUES (1111111177,13,'MNO',58636,'2018-09-10',869.58,15639576);
INSERT INTO transactions(card_10digit,cust_id,product_code,transaction_ID,transaction_Date,transaction_amount,merchant_ID) VALUES (1111111205,17,'EFG',58733,'2019-02-09',988.41,15639579);
INSERT INTO transactions(card_10digit,cust_id,product_code,transaction_ID,transaction_Date,transaction_amount,merchant_ID) VALUES (1111111133,30,'IJK',58681,'2017-10-05',575.66,15639580);
INSERT INTO transactions(card_10digit,cust_id,product_code,transaction_ID,transaction_Date,transaction_amount,merchant_ID) VALUES (1111111193,7,'MNO',58969,'2016-06-12',430.3,15639583);
INSERT INTO transactions(card_10digit,cust_id,product_code,transaction_ID,transaction_Date,transaction_amount,merchant_ID) VALUES (1111111236,11,'XYZ',58820,'2020-12-09',74.46,15639593);
INSERT INTO transactions(card_10digit,cust_id,product_code,transaction_ID,transaction_Date,transaction_amount,merchant_ID) VALUES (1111111198,58,'IJK',58761,'2020-07-09',788.45,15639594);
INSERT INTO transactions(card_10digit,cust_id,product_code,transaction_ID,transaction_Date,transaction_amount,merchant_ID) VALUES (1111111142,45,'XYZ',58698,'2021-10-04',203.88,15639596);
INSERT INTO transactions(card_10digit,cust_id,product_code,transaction_ID,transaction_Date,transaction_amount,merchant_ID) VALUES (1111111114,77,'MNO',58991,'2019-06-30',556.69,15639597);
INSERT INTO transactions(card_10digit,cust_id,product_code,transaction_ID,transaction_Date,transaction_amount,merchant_ID) VALUES (1111111152,19,'IJK',59015,'2020-06-22',378.54,15639604);
INSERT INTO transactions(card_10digit,cust_id,product_code,transaction_ID,transaction_Date,transaction_amount,merchant_ID) VALUES (1111111118,93,'MNO',58831,'2019-06-06',831.89,15639605);
INSERT INTO transactions(card_10digit,cust_id,product_code,transaction_ID,transaction_Date,transaction_amount,merchant_ID) VALUES (1111111176,12,'IJK',59003,'2020-12-22',690.01,15639607);
INSERT INTO transactions(card_10digit,cust_id,product_code,transaction_ID,transaction_Date,transaction_amount,merchant_ID) VALUES (1111111154,19,'EFG',58947,'2016-06-24',677.09,15639612);
INSERT INTO transactions(card_10digit,cust_id,product_code,transaction_ID,transaction_Date,transaction_amount,merchant_ID) VALUES (1111111127,12,'ABC',58715,'2018-04-21',570.78,15639615);
INSERT INTO transactions(card_10digit,cust_id,product_code,transaction_ID,transaction_Date,transaction_amount,merchant_ID) VALUES (1111111178,100,'ABC',58653,'2018-08-21',360.91,15639616);
INSERT INTO transactions(card_10digit,cust_id,product_code,transaction_ID,transaction_Date,transaction_amount,merchant_ID) VALUES (1111111162,7,'QRS',58972,'2016-11-02',127.36,15639621);
INSERT INTO transactions(card_10digit,cust_id,product_code,transaction_ID,transaction_Date,transaction_amount,merchant_ID) VALUES (1111111117,93,'QRS',59030,'2020-06-12',738.22,15639623);
INSERT INTO transactions(card_10digit,cust_id,product_code,transaction_ID,transaction_Date,transaction_amount,merchant_ID) VALUES (1111111131,5,'QRS',58612,'2017-10-03',132.38,15639626);
INSERT INTO transactions(card_10digit,cust_id,product_code,transaction_ID,transaction_Date,transaction_amount,merchant_ID) VALUES (1111111143,66,'ABC',58993,'2019-04-26',987.75,15639631);
INSERT INTO transactions(card_10digit,cust_id,product_code,transaction_ID,transaction_Date,transaction_amount,merchant_ID) VALUES (1111111112,74,'ABC',58688,'2019-06-30',365.98,15639636);
INSERT INTO transactions(card_10digit,cust_id,product_code,transaction_ID,transaction_Date,transaction_amount,merchant_ID) VALUES (1111111127,12,'ABC',58668,'2021-02-19',830.42,15639640);
INSERT INTO transactions(card_10digit,cust_id,product_code,transaction_ID,transaction_Date,transaction_amount,merchant_ID) VALUES (1111111124,85,'UVW',58581,'2020-05-27',91.44,15639652);
INSERT INTO transactions(card_10digit,cust_id,product_code,transaction_ID,transaction_Date,transaction_amount,merchant_ID) VALUES (1111111161,40,'EFG',59024,'2019-10-03',960.01,15639657);
INSERT INTO transactions(card_10digit,cust_id,product_code,transaction_ID,transaction_Date,transaction_amount,merchant_ID) VALUES (1111111192,76,'IJK',58984,'2017-12-15',996.2,15639662);
INSERT INTO transactions(card_10digit,cust_id,product_code,transaction_ID,transaction_Date,transaction_amount,merchant_ID) VALUES (1111111192,76,'IJK',58754,'2020-06-07',865.48,15639665);
INSERT INTO transactions(card_10digit,cust_id,product_code,transaction_ID,transaction_Date,transaction_amount,merchant_ID) VALUES (1111111240,10,'ABC',58708,'2021-01-24',517.99,15639667);
INSERT INTO transactions(card_10digit,cust_id,product_code,transaction_ID,transaction_Date,transaction_amount,merchant_ID) VALUES (1111111178,100,'ABC',58840,'2017-02-22',652.41,15639677);
INSERT INTO transactions(card_10digit,cust_id,product_code,transaction_ID,transaction_Date,transaction_amount,merchant_ID) VALUES (1111111131,5,'QRS',58996,'2019-09-30',673.38,15639679);
INSERT INTO transactions(card_10digit,cust_id,product_code,transaction_ID,transaction_Date,transaction_amount,merchant_ID) VALUES (1111111153,58,'XYZ',58776,'2017-06-21',149.44,15639483);
INSERT INTO transactions(card_10digit,cust_id,product_code,transaction_ID,transaction_Date,transaction_amount,merchant_ID) VALUES (1111111297,1,'MNO',58725,'2020-11-15',732.48,15639486);
INSERT INTO transactions(card_10digit,cust_id,product_code,transaction_ID,transaction_Date,transaction_amount,merchant_ID) VALUES (1111111144,70,'QRS',58584,'2018-11-29',668.29,15639488);
INSERT INTO transactions(card_10digit,cust_id,product_code,transaction_ID,transaction_Date,transaction_amount,merchant_ID) VALUES (1111111197,55,'EFG',58806,'2019-11-13',328.19,15639490);
INSERT INTO transactions(card_10digit,cust_id,product_code,transaction_ID,transaction_Date,transaction_amount,merchant_ID) VALUES (1111111135,98,'UVW',58625,'2020-05-09',171.43,15639492);
INSERT INTO transactions(card_10digit,cust_id,product_code,transaction_ID,transaction_Date,transaction_amount,merchant_ID) VALUES (1111111169,53,'IJK',58757,'2017-02-20',291.12,15639494);
INSERT INTO transactions(card_10digit,cust_id,product_code,transaction_ID,transaction_Date,transaction_amount,merchant_ID) VALUES (1111111154,19,'EFG',58755,'2019-05-31',326,15639496);
INSERT INTO transactions(card_10digit,cust_id,product_code,transaction_ID,transaction_Date,transaction_amount,merchant_ID) VALUES (1111111150,78,'ABC',58891,'2021-03-02',658.49,15639507);
INSERT INTO transactions(card_10digit,cust_id,product_code,transaction_ID,transaction_Date,transaction_amount,merchant_ID) VALUES (1111111141,33,'IJK',58967,'2018-04-05',695.96,15639509);
INSERT INTO transactions(card_10digit,cust_id,product_code,transaction_ID,transaction_Date,transaction_amount,merchant_ID) VALUES (1111111200,56,'ABC',58764,'2018-12-18',503.26,15639514);
INSERT INTO transactions(card_10digit,cust_id,product_code,transaction_ID,transaction_Date,transaction_amount,merchant_ID) VALUES (1111111127,12,'ABC',58854,'2021-07-10',489.02,15639523);
INSERT INTO transactions(card_10digit,cust_id,product_code,transaction_ID,transaction_Date,transaction_amount,merchant_ID) VALUES (1111111173,40,'IJK',58780,'2021-05-16',195.16,15639526);
INSERT INTO transactions(card_10digit,cust_id,product_code,transaction_ID,transaction_Date,transaction_amount,merchant_ID) VALUES (1111111136,92,'EFG',58611,'2020-11-12',637.59,15639529);
INSERT INTO transactions(card_10digit,cust_id,product_code,transaction_ID,transaction_Date,transaction_amount,merchant_ID) VALUES (1111111116,48,'ABC',58703,'2019-12-28',876.38,15639531);
INSERT INTO transactions(card_10digit,cust_id,product_code,transaction_ID,transaction_Date,transaction_amount,merchant_ID) VALUES (1111111123,68,'UVW',59023,'2017-10-11',106.23,15639532);
INSERT INTO transactions(card_10digit,cust_id,product_code,transaction_ID,transaction_Date,transaction_amount,merchant_ID) VALUES (1111111112,74,'ABC',58807,'2017-10-18',6.75,15639537);
INSERT INTO transactions(card_10digit,cust_id,product_code,transaction_ID,transaction_Date,transaction_amount,merchant_ID) VALUES (1111111126,69,'MNO',58786,'2019-07-29',627.77,15639540);
INSERT INTO transactions(card_10digit,cust_id,product_code,transaction_ID,transaction_Date,transaction_amount,merchant_ID) VALUES (1111111187,56,'XYZ',58801,'2016-06-17',160.56,15639545);
INSERT INTO transactions(card_10digit,cust_id,product_code,transaction_ID,transaction_Date,transaction_amount,merchant_ID) VALUES (1111111194,46,'QRS',58635,'2019-01-06',851.51,15639556);
INSERT INTO transactions(card_10digit,cust_id,product_code,transaction_ID,transaction_Date,transaction_amount,merchant_ID) VALUES (1111111168,23,'MNO',58723,'2018-11-20',335.21,15639565);
INSERT INTO transactions(card_10digit,cust_id,product_code,transaction_ID,transaction_Date,transaction_amount,merchant_ID) VALUES (1111111166,48,'MNO',58719,'2019-07-20',631.32,15639567);
INSERT INTO transactions(card_10digit,cust_id,product_code,transaction_ID,transaction_Date,transaction_amount,merchant_ID) VALUES (1111111112,74,'ABC',58965,'2021-03-03',285.3,15639572);
INSERT INTO transactions(card_10digit,cust_id,product_code,transaction_ID,transaction_Date,transaction_amount,merchant_ID) VALUES (1111111165,32,'IJK',58601,'2016-05-18',483.89,15639574);
INSERT INTO transactions(card_10digit,cust_id,product_code,transaction_ID,transaction_Date,transaction_amount,merchant_ID) VALUES (1111111173,40,'IJK',58983,'2019-04-04',556.19,15639576);
INSERT INTO transactions(card_10digit,cust_id,product_code,transaction_ID,transaction_Date,transaction_amount,merchant_ID) VALUES (1111111191,68,'EFG',58618,'2021-06-30',972.6,15639579);
INSERT INTO transactions(card_10digit,cust_id,product_code,transaction_ID,transaction_Date,transaction_amount,merchant_ID) VALUES (1111111166,48,'MNO',58654,'2020-12-06',137.05,15639580);
INSERT INTO transactions(card_10digit,cust_id,product_code,transaction_ID,transaction_Date,transaction_amount,merchant_ID) VALUES (1111111155,19,'UVW',58728,'2017-01-23',878.33,15639583);
INSERT INTO transactions(card_10digit,cust_id,product_code,transaction_ID,transaction_Date,transaction_amount,merchant_ID) VALUES (1111111165,32,'IJK',58711,'2016-05-12',610.64,15639593);
INSERT INTO transactions(card_10digit,cust_id,product_code,transaction_ID,transaction_Date,transaction_amount,merchant_ID) VALUES (1111111297,1,'MNO',58652,'2020-05-13',543.22,15639594);
INSERT INTO transactions(card_10digit,cust_id,product_code,transaction_ID,transaction_Date,transaction_amount,merchant_ID) VALUES (1111111116,48,'ABC',58662,'2020-11-11',966.54,15639596);
INSERT INTO transactions(card_10digit,cust_id,product_code,transaction_ID,transaction_Date,transaction_amount,merchant_ID) VALUES (1111111120,35,'IJK',59007,'2018-09-04',177.21,15639597);
INSERT INTO transactions(card_10digit,cust_id,product_code,transaction_ID,transaction_Date,transaction_amount,merchant_ID) VALUES (1111111151,87,'QRS',59020,'2016-10-24',646.97,15639604);
INSERT INTO transactions(card_10digit,cust_id,product_code,transaction_ID,transaction_Date,transaction_amount,merchant_ID) VALUES (1111111154,19,'EFG',58700,'2019-12-20',529.01,15639605);
INSERT INTO transactions(card_10digit,cust_id,product_code,transaction_ID,transaction_Date,transaction_amount,merchant_ID) VALUES (1111111157,38,'ABC',58837,'2019-04-12',662.07,15639607);
INSERT INTO transactions(card_10digit,cust_id,product_code,transaction_ID,transaction_Date,transaction_amount,merchant_ID) VALUES (1111111166,48,'MNO',58694,'2017-02-14',296.11,15639612);
INSERT INTO transactions(card_10digit,cust_id,product_code,transaction_ID,transaction_Date,transaction_amount,merchant_ID) VALUES (1111111191,68,'EFG',58606,'2020-01-21',738.47,15639615);
INSERT INTO transactions(card_10digit,cust_id,product_code,transaction_ID,transaction_Date,transaction_amount,merchant_ID) VALUES (1111111198,58,'IJK',59056,'2017-07-31',105.41,15639616);
INSERT INTO transactions(card_10digit,cust_id,product_code,transaction_ID,transaction_Date,transaction_amount,merchant_ID) VALUES (1111111137,31,'EFG',58896,'2021-04-02',584.84,15639621);
INSERT INTO transactions(card_10digit,cust_id,product_code,transaction_ID,transaction_Date,transaction_amount,merchant_ID) VALUES (1111111163,41,'MNO',58564,'2017-01-20',151.5,15639623);
INSERT INTO transactions(card_10digit,cust_id,product_code,transaction_ID,transaction_Date,transaction_amount,merchant_ID) VALUES (1111111167,35,'XYZ',59047,'2019-06-06',971.71,15639626);
INSERT INTO transactions(card_10digit,cust_id,product_code,transaction_ID,transaction_Date,transaction_amount,merchant_ID) VALUES (1111111140,15,'MNO',59046,'2021-02-02',787.75,15639631);
INSERT INTO transactions(card_10digit,cust_id,product_code,transaction_ID,transaction_Date,transaction_amount,merchant_ID) VALUES (1111111161,40,'EFG',58860,'2018-12-03',472.39,15639636);
INSERT INTO transactions(card_10digit,cust_id,product_code,transaction_ID,transaction_Date,transaction_amount,merchant_ID) VALUES (1111111130,18,'XYZ',58624,'2020-08-19',744.21,15639640);
INSERT INTO transactions(card_10digit,cust_id,product_code,transaction_ID,transaction_Date,transaction_amount,merchant_ID) VALUES (1111111120,35,'IJK',58980,'2019-02-06',775.12,15639652);
INSERT INTO transactions(card_10digit,cust_id,product_code,transaction_ID,transaction_Date,transaction_amount,merchant_ID) VALUES (1111111190,81,'IJK',59049,'2018-03-02',331.07,15639657);
INSERT INTO transactions(card_10digit,cust_id,product_code,transaction_ID,transaction_Date,transaction_amount,merchant_ID) VALUES (1111111113,98,'QRS',58908,'2021-03-27',112.81,15639662);
INSERT INTO transactions(card_10digit,cust_id,product_code,transaction_ID,transaction_Date,transaction_amount,merchant_ID) VALUES (1111111155,19,'UVW',58738,'2021-05-01',849.88,15639665);
INSERT INTO transactions(card_10digit,cust_id,product_code,transaction_ID,transaction_Date,transaction_amount,merchant_ID) VALUES (1111111133,30,'IJK',58731,'2019-04-03',136.46,15639667);
INSERT INTO transactions(card_10digit,cust_id,product_code,transaction_ID,transaction_Date,transaction_amount,merchant_ID) VALUES (1111111121,64,'ABC',58890,'2019-02-18',315.08,15639677);
INSERT INTO transactions(card_10digit,cust_id,product_code,transaction_ID,transaction_Date,transaction_amount,merchant_ID) VALUES (1111111175,83,'EFG',58751,'2019-04-22',695.45,15639679);
INSERT INTO transactions(card_10digit,cust_id,product_code,transaction_ID,transaction_Date,transaction_amount,merchant_ID) VALUES (1111111164,11,'EFG',58591,'2017-08-27',127.37,15639483);
INSERT INTO transactions(card_10digit,cust_id,product_code,transaction_ID,transaction_Date,transaction_amount,merchant_ID) VALUES (1111111155,19,'UVW',58977,'2017-04-02',249.7,15639486);
INSERT INTO transactions(card_10digit,cust_id,product_code,transaction_ID,transaction_Date,transaction_amount,merchant_ID) VALUES (1111111131,5,'QRS',58935,'2020-06-21',142.52,15639488);
INSERT INTO transactions(card_10digit,cust_id,product_code,transaction_ID,transaction_Date,transaction_amount,merchant_ID) VALUES (1111111140,15,'MNO',58614,'2018-05-05',483.18,15639490);
INSERT INTO transactions(card_10digit,cust_id,product_code,transaction_ID,transaction_Date,transaction_amount,merchant_ID) VALUES (1111111118,93,'MNO',58974,'2016-09-13',922.09,15639492);
INSERT INTO transactions(card_10digit,cust_id,product_code,transaction_ID,transaction_Date,transaction_amount,merchant_ID) VALUES (1111111197,55,'EFG',58810,'2017-02-27',356,15639494);
INSERT INTO transactions(card_10digit,cust_id,product_code,transaction_ID,transaction_Date,transaction_amount,merchant_ID) VALUES (1111111156,71,'IJK',58856,'2019-09-15',363.53,15639496);
INSERT INTO transactions(card_10digit,cust_id,product_code,transaction_ID,transaction_Date,transaction_amount,merchant_ID) VALUES (1111111116,48,'ABC',58914,'2017-07-19',343.81,15639507);
INSERT INTO transactions(card_10digit,cust_id,product_code,transaction_ID,transaction_Date,transaction_amount,merchant_ID) VALUES (1111111189,66,'QRS',58937,'2021-03-26',10.92,15639509);
INSERT INTO transactions(card_10digit,cust_id,product_code,transaction_ID,transaction_Date,transaction_amount,merchant_ID) VALUES (1111111161,40,'EFG',58821,'2017-02-01',998,15639514);
INSERT INTO transactions(card_10digit,cust_id,product_code,transaction_ID,transaction_Date,transaction_amount,merchant_ID) VALUES (1111111150,78,'ABC',58953,'2018-02-07',271.79,15639523);
INSERT INTO transactions(card_10digit,cust_id,product_code,transaction_ID,transaction_Date,transaction_amount,merchant_ID) VALUES (1111111188,18,'UVW',58872,'2020-06-24',824.34,15639526);
INSERT INTO transactions(card_10digit,cust_id,product_code,transaction_ID,transaction_Date,transaction_amount,merchant_ID) VALUES (1111111159,27,'EFG',58704,'2016-05-21',671.44,15639529);
INSERT INTO transactions(card_10digit,cust_id,product_code,transaction_ID,transaction_Date,transaction_amount,merchant_ID) VALUES (1111111124,85,'UVW',58808,'2019-03-02',837.09,15639531);
INSERT INTO transactions(card_10digit,cust_id,product_code,transaction_ID,transaction_Date,transaction_amount,merchant_ID) VALUES (1111111132,66,'EFG',58930,'2019-02-28',375.91,15639532);
INSERT INTO transactions(card_10digit,cust_id,product_code,transaction_ID,transaction_Date,transaction_amount,merchant_ID) VALUES (1111111177,13,'MNO',58607,'2020-06-15',354.21,15639537);
INSERT INTO transactions(card_10digit,cust_id,product_code,transaction_ID,transaction_Date,transaction_amount,merchant_ID) VALUES (1111111137,31,'EFG',58848,'2021-07-17',629.31,15639540);
INSERT INTO transactions(card_10digit,cust_id,product_code,transaction_ID,transaction_Date,transaction_amount,merchant_ID) VALUES (1111111141,33,'IJK',58960,'2021-04-17',370.7,15639545);
INSERT INTO transactions(card_10digit,cust_id,product_code,transaction_ID,transaction_Date,transaction_amount,merchant_ID) VALUES (1111111148,42,'QRS',58735,'2018-04-13',241.4,15639556);
INSERT INTO transactions(card_10digit,cust_id,product_code,transaction_ID,transaction_Date,transaction_amount,merchant_ID) VALUES (1111111166,48,'MNO',58765,'2020-08-12',266.02,15639565);
INSERT INTO transactions(card_10digit,cust_id,product_code,transaction_ID,transaction_Date,transaction_amount,merchant_ID) VALUES (1111111148,42,'QRS',58846,'2021-05-11',915.03,15639567);
INSERT INTO transactions(card_10digit,cust_id,product_code,transaction_ID,transaction_Date,transaction_amount,merchant_ID) VALUES (1111111141,33,'IJK',59026,'2021-08-08',161.35,15639572);
INSERT INTO transactions(card_10digit,cust_id,product_code,transaction_ID,transaction_Date,transaction_amount,merchant_ID) VALUES (1111111144,70,'QRS',58832,'2018-10-19',468.37,15639574);
INSERT INTO transactions(card_10digit,cust_id,product_code,transaction_ID,transaction_Date,transaction_amount,merchant_ID) VALUES (1111111161,40,'EFG',58665,'2020-04-08',11.77,15639576);
INSERT INTO transactions(card_10digit,cust_id,product_code,transaction_ID,transaction_Date,transaction_amount,merchant_ID) VALUES (1111111117,93,'QRS',58862,'2016-12-14',378.89,15639579);
INSERT INTO transactions(card_10digit,cust_id,product_code,transaction_ID,transaction_Date,transaction_amount,merchant_ID) VALUES (1111111189,66,'QRS',58661,'2017-12-10',773.55,15639580);
INSERT INTO transactions(card_10digit,cust_id,product_code,transaction_ID,transaction_Date,transaction_amount,merchant_ID) VALUES (1111111190,81,'IJK',58833,'2019-09-24',217.1,15639583);
INSERT INTO transactions(card_10digit,cust_id,product_code,transaction_ID,transaction_Date,transaction_amount,merchant_ID) VALUES (1111111157,38,'ABC',58768,'2021-06-07',292.94,15639593);
INSERT INTO transactions(card_10digit,cust_id,product_code,transaction_ID,transaction_Date,transaction_amount,merchant_ID) VALUES (1111111161,40,'EFG',59037,'2020-06-07',67.75,15639594);
INSERT INTO transactions(card_10digit,cust_id,product_code,transaction_ID,transaction_Date,transaction_amount,merchant_ID) VALUES (1111111185,21,'QRS',59033,'2020-06-14',494.57,15639596);
INSERT INTO transactions(card_10digit,cust_id,product_code,transaction_ID,transaction_Date,transaction_amount,merchant_ID) VALUES (1111111173,40,'IJK',58722,'2019-10-02',169.83,15639597);
INSERT INTO transactions(card_10digit,cust_id,product_code,transaction_ID,transaction_Date,transaction_amount,merchant_ID) VALUES (1111111129,55,'MNO',58838,'2017-08-13',410.84,15639604);
INSERT INTO transactions(card_10digit,cust_id,product_code,transaction_ID,transaction_Date,transaction_amount,merchant_ID) VALUES (1111111156,71,'IJK',58717,'2019-11-23',887.32,15639605);
INSERT INTO transactions(card_10digit,cust_id,product_code,transaction_ID,transaction_Date,transaction_amount,merchant_ID) VALUES (1111111143,66,'ABC',59001,'2020-05-04',730.06,15639607);
INSERT INTO transactions(card_10digit,cust_id,product_code,transaction_ID,transaction_Date,transaction_amount,merchant_ID) VALUES (1111111120,35,'IJK',58827,'2019-09-29',519.32,15639612);
INSERT INTO transactions(card_10digit,cust_id,product_code,transaction_ID,transaction_Date,transaction_amount,merchant_ID) VALUES (1111111120,35,'IJK',58743,'2019-11-22',245.63,15639615);
INSERT INTO transactions(card_10digit,cust_id,product_code,transaction_ID,transaction_Date,transaction_amount,merchant_ID) VALUES (1111111246,18,'EFG',58732,'2021-10-14',69.43,15639616);
INSERT INTO transactions(card_10digit,cust_id,product_code,transaction_ID,transaction_Date,transaction_amount,merchant_ID) VALUES (1111111187,56,'XYZ',58709,'2016-06-08',210.62,15639621);
INSERT INTO transactions(card_10digit,cust_id,product_code,transaction_ID,transaction_Date,transaction_amount,merchant_ID) VALUES (1111111175,83,'EFG',58922,'2016-08-17',445.64,15639623);
INSERT INTO transactions(card_10digit,cust_id,product_code,transaction_ID,transaction_Date,transaction_amount,merchant_ID) VALUES (1111111170,45,'EFG',58691,'2018-04-06',383.99,15639626);
INSERT INTO transactions(card_10digit,cust_id,product_code,transaction_ID,transaction_Date,transaction_amount,merchant_ID) VALUES (1111111186,30,'QRS',58957,'2017-01-31',522.81,15639631);
INSERT INTO transactions(card_10digit,cust_id,product_code,transaction_ID,transaction_Date,transaction_amount,merchant_ID) VALUES (1111111157,38,'ABC',58803,'2017-07-06',408.98,15639636);
INSERT INTO transactions(card_10digit,cust_id,product_code,transaction_ID,transaction_Date,transaction_amount,merchant_ID) VALUES (1111111174,8,'XYZ',58906,'2021-04-19',901.06,15639640);
INSERT INTO transactions(card_10digit,cust_id,product_code,transaction_ID,transaction_Date,transaction_amount,merchant_ID) VALUES (1111111145,93,'ABC',59032,'2017-05-25',489.35,15639652);
INSERT INTO transactions(card_10digit,cust_id,product_code,transaction_ID,transaction_Date,transaction_amount,merchant_ID) VALUES (1111111194,46,'QRS',59045,'2018-08-11',922.19,15639657);
INSERT INTO transactions(card_10digit,cust_id,product_code,transaction_ID,transaction_Date,transaction_amount,merchant_ID) VALUES (1111111115,40,'MNO',58746,'2020-11-19',764.61,15639662);
INSERT INTO transactions(card_10digit,cust_id,product_code,transaction_ID,transaction_Date,transaction_amount,merchant_ID) VALUES (1111111147,94,'XYZ',58721,'2018-10-10',831.48,15639665);
INSERT INTO transactions(card_10digit,cust_id,product_code,transaction_ID,transaction_Date,transaction_amount,merchant_ID) VALUES (1111111192,76,'IJK',58879,'2017-08-09',913.86,15639667);
INSERT INTO transactions(card_10digit,cust_id,product_code,transaction_ID,transaction_Date,transaction_amount,merchant_ID) VALUES (1111111155,19,'UVW',58578,'2020-08-31',253.19,15639677);
INSERT INTO transactions(card_10digit,cust_id,product_code,transaction_ID,transaction_Date,transaction_amount,merchant_ID) VALUES (1111111291,20,'XYZ',59062,'2017-05-07',523.53,15639679);
INSERT INTO transactions(card_10digit,cust_id,product_code,transaction_ID,transaction_Date,transaction_amount,merchant_ID) VALUES (1111111198,58,'IJK',58842,'2021-06-10',153.7,15639483);
INSERT INTO transactions(card_10digit,cust_id,product_code,transaction_ID,transaction_Date,transaction_amount,merchant_ID) VALUES (1111111141,33,'IJK',58843,'2020-06-04',771.53,15639486);
INSERT INTO transactions(card_10digit,cust_id,product_code,transaction_ID,transaction_Date,transaction_amount,merchant_ID) VALUES (1111111165,32,'IJK',58865,'2019-09-29',338.02,15639488);
INSERT INTO transactions(card_10digit,cust_id,product_code,transaction_ID,transaction_Date,transaction_amount,merchant_ID) VALUES (1111111152,19,'IJK',59022,'2016-10-10',807.27,15639490);
INSERT INTO transactions(card_10digit,cust_id,product_code,transaction_ID,transaction_Date,transaction_amount,merchant_ID) VALUES (1111111154,19,'EFG',58729,'2020-04-08',769.84,15639492);
INSERT INTO transactions(card_10digit,cust_id,product_code,transaction_ID,transaction_Date,transaction_amount,merchant_ID) VALUES (1111111195,98,'MNO',58794,'2020-11-08',774.82,15639494);
INSERT INTO transactions(card_10digit,cust_id,product_code,transaction_ID,transaction_Date,transaction_amount,merchant_ID) VALUES (1111111155,19,'UVW',58802,'2021-02-09',594.61,15639496);
INSERT INTO transactions(card_10digit,cust_id,product_code,transaction_ID,transaction_Date,transaction_amount,merchant_ID) VALUES (1111111137,31,'EFG',58902,'2020-09-06',860.13,15639507);
INSERT INTO transactions(card_10digit,cust_id,product_code,transaction_ID,transaction_Date,transaction_amount,merchant_ID) VALUES (1111111180,86,'ABC',58763,'2020-06-20',308.08,15639509);
INSERT INTO transactions(card_10digit,cust_id,product_code,transaction_ID,transaction_Date,transaction_amount,merchant_ID) VALUES (1111111261,24,'EFG',58617,'2019-05-10',971.46,15639514);
INSERT INTO transactions(card_10digit,cust_id,product_code,transaction_ID,transaction_Date,transaction_amount,merchant_ID) VALUES (1111111149,80,'QRS',58682,'2020-08-26',435.29,15639523);
INSERT INTO transactions(card_10digit,cust_id,product_code,transaction_ID,transaction_Date,transaction_amount,merchant_ID) VALUES (1111111169,53,'IJK',59055,'2020-02-27',199.81,15639526);
INSERT INTO transactions(card_10digit,cust_id,product_code,transaction_ID,transaction_Date,transaction_amount,merchant_ID) VALUES (1111111182,34,'QRS',58941,'2019-11-29',601.61,15639529);
INSERT INTO transactions(card_10digit,cust_id,product_code,transaction_ID,transaction_Date,transaction_amount,merchant_ID) VALUES (1111111141,33,'IJK',58938,'2020-11-25',621.97,15639531);
INSERT INTO transactions(card_10digit,cust_id,product_code,transaction_ID,transaction_Date,transaction_amount,merchant_ID) VALUES (1111111197,55,'EFG',58676,'2021-01-20',858.47,15639532);
INSERT INTO transactions(card_10digit,cust_id,product_code,transaction_ID,transaction_Date,transaction_amount,merchant_ID) VALUES (1111111297,1,'MNO',58958,'2016-08-28',239.43,15639537);
INSERT INTO transactions(card_10digit,cust_id,product_code,transaction_ID,transaction_Date,transaction_amount,merchant_ID) VALUES (1111111153,58,'XYZ',58615,'2018-10-27',977.4,15639540);
INSERT INTO transactions(card_10digit,cust_id,product_code,transaction_ID,transaction_Date,transaction_amount,merchant_ID) VALUES (1111111194,46,'QRS',59036,'2020-12-24',171.27,15639545);
INSERT INTO transactions(card_10digit,cust_id,product_code,transaction_ID,transaction_Date,transaction_amount,merchant_ID) VALUES (1111111194,46,'QRS',58968,'2018-09-11',866.55,15639556);
INSERT INTO transactions(card_10digit,cust_id,product_code,transaction_ID,transaction_Date,transaction_amount,merchant_ID) VALUES (1111111138,68,'QRS',58565,'2018-06-09',41.85,15639565);
INSERT INTO transactions(card_10digit,cust_id,product_code,transaction_ID,transaction_Date,transaction_amount,merchant_ID) VALUES (1111111130,18,'XYZ',59013,'2021-02-20',515.78,15639567);
INSERT INTO transactions(card_10digit,cust_id,product_code,transaction_ID,transaction_Date,transaction_amount,merchant_ID) VALUES (1111111145,93,'ABC',58959,'2017-03-31',313.34,15639572);
INSERT INTO transactions(card_10digit,cust_id,product_code,transaction_ID,transaction_Date,transaction_amount,merchant_ID) VALUES (1111111164,11,'EFG',58747,'2018-10-16',889.32,15639574);
INSERT INTO transactions(card_10digit,cust_id,product_code,transaction_ID,transaction_Date,transaction_amount,merchant_ID) VALUES (1111111129,55,'MNO',58921,'2020-08-09',909.3,15639576);
INSERT INTO transactions(card_10digit,cust_id,product_code,transaction_ID,transaction_Date,transaction_amount,merchant_ID) VALUES (1111111216,22,'EFG',58876,'2020-10-22',779.28,15639579);
INSERT INTO transactions(card_10digit,cust_id,product_code,transaction_ID,transaction_Date,transaction_amount,merchant_ID) VALUES (1111111168,23,'MNO',58630,'2020-04-28',962.12,15639580);
INSERT INTO transactions(card_10digit,cust_id,product_code,transaction_ID,transaction_Date,transaction_amount,merchant_ID) VALUES (1111111197,55,'EFG',58855,'2020-05-03',985.72,15639583);
INSERT INTO transactions(card_10digit,cust_id,product_code,transaction_ID,transaction_Date,transaction_amount,merchant_ID) VALUES (1111111145,93,'ABC',58603,'2019-12-29',805.36,15639593);
INSERT INTO transactions(card_10digit,cust_id,product_code,transaction_ID,transaction_Date,transaction_amount,merchant_ID) VALUES (1111111143,66,'ABC',58874,'2016-08-13',288.48,15639594);
INSERT INTO transactions(card_10digit,cust_id,product_code,transaction_ID,transaction_Date,transaction_amount,merchant_ID) VALUES (1111111161,40,'EFG',58664,'2018-01-24',676.31,15639596);
INSERT INTO transactions(card_10digit,cust_id,product_code,transaction_ID,transaction_Date,transaction_amount,merchant_ID) VALUES (1111111192,76,'IJK',58759,'2020-12-28',426.95,15639597);
INSERT INTO transactions(card_10digit,cust_id,product_code,transaction_ID,transaction_Date,transaction_amount,merchant_ID) VALUES (1111111127,12,'ABC',58939,'2017-04-22',812.33,15639604);
INSERT INTO transactions(card_10digit,cust_id,product_code,transaction_ID,transaction_Date,transaction_amount,merchant_ID) VALUES (1111111159,27,'EFG',58609,'2018-06-16',226.86,15639605);
INSERT INTO transactions(card_10digit,cust_id,product_code,transaction_ID,transaction_Date,transaction_amount,merchant_ID) VALUES (1111111112,74,'ABC',58909,'2018-03-23',333.56,15639607);
INSERT INTO transactions(card_10digit,cust_id,product_code,transaction_ID,transaction_Date,transaction_amount,merchant_ID) VALUES (1111111197,55,'EFG',58744,'2017-10-30',549.67,15639612);
INSERT INTO transactions(card_10digit,cust_id,product_code,transaction_ID,transaction_Date,transaction_amount,merchant_ID) VALUES (1111111188,18,'UVW',59044,'2021-07-18',651.85,15639615);
INSERT INTO transactions(card_10digit,cust_id,product_code,transaction_ID,transaction_Date,transaction_amount,merchant_ID) VALUES (1111111120,35,'IJK',58863,'2021-07-12',155.21,15639616);
INSERT INTO transactions(card_10digit,cust_id,product_code,transaction_ID,transaction_Date,transaction_amount,merchant_ID) VALUES (1111111164,11,'EFG',58875,'2021-08-05',532.2,15639621);
INSERT INTO transactions(card_10digit,cust_id,product_code,transaction_ID,transaction_Date,transaction_amount,merchant_ID) VALUES (1111111121,64,'ABC',58904,'2018-04-26',38.49,15639623);
INSERT INTO transactions(card_10digit,cust_id,product_code,transaction_ID,transaction_Date,transaction_amount,merchant_ID) VALUES (1111111196,58,'ABC',58925,'2019-02-22',430.47,15639626);
INSERT INTO transactions(card_10digit,cust_id,product_code,transaction_ID,transaction_Date,transaction_amount,merchant_ID) VALUES (1111111199,80,'IJK',58814,'2016-08-29',468.21,15639631);
INSERT INTO transactions(card_10digit,cust_id,product_code,transaction_ID,transaction_Date,transaction_amount,merchant_ID) VALUES (1111111117,93,'QRS',59041,'2017-09-22',670.4,15639636);
INSERT INTO transactions(card_10digit,cust_id,product_code,transaction_ID,transaction_Date,transaction_amount,merchant_ID) VALUES (1111111176,12,'IJK',58788,'2018-09-19',132.42,15639640);
INSERT INTO transactions(card_10digit,cust_id,product_code,transaction_ID,transaction_Date,transaction_amount,merchant_ID) VALUES (1111111157,38,'ABC',58634,'2020-07-28',740.91,15639652);
INSERT INTO transactions(card_10digit,cust_id,product_code,transaction_ID,transaction_Date,transaction_amount,merchant_ID) VALUES (1111111179,92,'ABC',58740,'2018-11-22',992.17,15639657);
INSERT INTO transactions(card_10digit,cust_id,product_code,transaction_ID,transaction_Date,transaction_amount,merchant_ID) VALUES (1111111121,64,'ABC',58590,'2020-01-05',301.62,15639662);
INSERT INTO transactions(card_10digit,cust_id,product_code,transaction_ID,transaction_Date,transaction_amount,merchant_ID) VALUES (1111111139,86,'QRS',58861,'2017-12-27',723.78,15639665);
INSERT INTO transactions(card_10digit,cust_id,product_code,transaction_ID,transaction_Date,transaction_amount,merchant_ID) VALUES (1111111142,45,'XYZ',58610,'2018-07-25',384.66,15639667);
INSERT INTO transactions(card_10digit,cust_id,product_code,transaction_ID,transaction_Date,transaction_amount,merchant_ID) VALUES (1111111132,66,'EFG',58707,'2017-04-09',246.78,15639677);
INSERT INTO transactions(card_10digit,cust_id,product_code,transaction_ID,transaction_Date,transaction_amount,merchant_ID) VALUES (1111111116,48,'ABC',58737,'2021-02-18',169.32,15639679);
INSERT INTO transactions(card_10digit,cust_id,product_code,transaction_ID,transaction_Date,transaction_amount,merchant_ID) VALUES (1111111171,2,'MNO',58568,'2020-04-20',581.74,15639679);
INSERT INTO transactions(card_10digit,cust_id,product_code,transaction_ID,transaction_Date,transaction_amount,merchant_ID) VALUES (1111111154,19,'EFG',59048,'2019-06-08',893.06,15639679);
INSERT INTO transactions(card_10digit,cust_id,product_code,transaction_ID,transaction_Date,transaction_amount,merchant_ID) VALUES (1111111166,48,'MNO',58645,'2021-02-11',786.45,15639679);
INSERT INTO transactions(card_10digit,cust_id,product_code,transaction_ID,transaction_Date,transaction_amount,merchant_ID) VALUES (1111111117,93,'QRS',58713,'2021-03-04',330.93,15639679);
INSERT INTO transactions(card_10digit,cust_id,product_code,transaction_ID,transaction_Date,transaction_amount,merchant_ID) VALUES (1111111158,29,'QRS',58626,'2020-12-17',436.65,15639679);
INSERT INTO transactions(card_10digit,cust_id,product_code,transaction_ID,transaction_Date,transaction_amount,merchant_ID) VALUES (1111111200,56,'ABC',59012,'2018-06-18',154.8,15639679);
INSERT INTO transactions(card_10digit,cust_id,product_code,transaction_ID,transaction_Date,transaction_amount,merchant_ID) VALUES (1111111151,87,'QRS',58749,'2020-03-06',806.96,15639679);
INSERT INTO transactions(card_10digit,cust_id,product_code,transaction_ID,transaction_Date,transaction_amount,merchant_ID) VALUES (1111111178,100,'ABC',58824,'2017-08-27',207.12,15639679);
